group,figure,segment,file_name,tier,tier_by_threshold,confidence,verdict,matched_name,closest_name,closest_tanimoto,pred_heavy,closest_heavy,grade,grade_largest,graded_match,decoded,dephantom,dedup,largest,best_tanimoto,skeleton_match,formula_match,elem_delta,n_fragments,phantom_frags,duplicate_frags,dropped_by_largest,smiles
1_10_phenanthroline_cid1318,,,1_10_phenanthroline_cid1318.png,low,low,0.8153467179978615,exact,"1,10-Phenanthroline","1,10-Phenanthroline",1.0,14,14,exact,exact,"1,10-Phenanthroline",False,False,False,False,1.0,True,True,0,1,,,,c1cnc2c(c1)ccc1cccnc12
1_1_1_1_methanetetrayltetrakis_benzene_cid12424,,,1_1_1_1_methanetetrayltetrakis_benzene_cid12424.png,high,high,0.9007281438101009,exact,"1,1',1'',1'''-Methanetetrayltetrakis(benzene)","1,1',1'',1'''-Methanetetrayltetrakis(benzene)",1.0,25,25,exact,exact,"1,1',1'',1'''-Methanetetrayltetrakis(benzene)",False,False,False,False,1.0,True,True,0,1,,,,c1ccc(C(c2ccccc2)(c2ccccc2)c2ccccc2)cc1
1_4_7_10_tetraoxacyclododecane_cid9269,,,1_4_7_10_tetraoxacyclododecane_cid9269.png,high,high,0.853393048926345,exact,"1,4,7,10-Tetraoxacyclododecane","1,4,7,10-Tetraoxacyclododecane",1.0,12,12,exact,exact,"1,4,7,10-Tetraoxacyclododecane",False,False,False,False,1.0,True,True,0,1,,,,C1COCCOCCOCCO1
1_5_cyclooctadiene_pyridine_tricyclohexylphosphine_iridium_h_cid5702647,,,1_5_cyclooctadiene_pyridine_tricyclohexylphosphine_iridium_h_cid5702647.png,low,low,0.2321467441350755,wrong,,"(1,5-Cyclooctadiene)pyridine(tricyclohexylphosphine)iridium hexafluorophosphate",0.436,57,41,wrong,wrong,,False,False,False,False,0.436,False,False,43,5,,,,C1CCC(P2CCCC3CCC(CC3)[PH](C3CCCCC3)(C3CCCCC3)C23CCCCC3)CC1.F[P-](F)(F)(F)(F)F.[H]/C1=C(\[H])CC/C([H])=C(/[H])CC1.[Ir].c1ccncc1 |^1:54|
1_7_dicarbadodecaborane_12_cid16212388,,,1_7_dicarbadodecaborane_12_cid16212388.png,low,low,0.4553745393169067,wrong,,"1,7-Dicarbadodecaborane(12)",0.045,12,12,wrong,wrong,,False,False,False,False,0.045,False,False,82,73,,*.*.*.*.*.*.*.*.*.*.*.*.*.*.*.*.*.*.*.*.*.*.*.*.*.*.*.*.*.*.*.*.*.*.*.*.*.*.*.*.*.*.*.*.*.*.*.*.*.*.*.*.*.*.*.*.*.*.*.*.*.*.*.*.*.*.*.*.*.*.*,,*.*.*.*.*.*.*.*.*.*.*.*.*.*.*.*.*.*.*.*.*.*.*.*.*.*.*.*.*.*.*.*.*.*.*.*.*.*.*.*.*.*.*.*.*.*.*.*.*.*.*.*.*.*.*.*.*.*.*.*.*.*.*.*.*.*.*.*.*.*.*.*.B1BBBBC2BC(BBB1)B2 |$A;A;A;A;A;A;A;A;A;A;A;A;A;A;A;A;A;A;A;A;A;A;A;A;A;A;A;A;A;A;A;A;A;A;A;A;A;A;A;A;A;A;A;A;A;A;A;A;A;A;A;A;A;A;A;A;A;A;A;A;A;A;A;A;A;A;A;A;A;A;A;A;;;;;;;;;;;;$|
2_3_4_5_6_2_h_5_phenylalanine_cid13000995,,,2_3_4_5_6_2_h_5_phenylalanine_cid13000995.png,high,high,0.8596110205522332,exact,"(2,3,4,5,6-~2~H_5_)Phenylalanine","(2,3,4,5,6-~2~H_5_)Phenylalanine",1.0,12,12,exact,exact,"(2,3,4,5,6-~2~H_5_)Phenylalanine",False,False,False,False,1.0,True,True,0,1,,,,[H]NC(Cc1c([2H])c([2H])c([2H])c([2H])c1[2H])C(=O)O[H]
2_4_6_trinitrotoluene_cid8376,,,2_4_6_trinitrotoluene_cid8376.png,high,high,0.8500705664139486,exact,"2,4,6-Trinitrotoluene","2,4,6-Trinitrotoluene",1.0,16,16,exact,exact,"2,4,6-Trinitrotoluene",False,False,False,False,1.0,True,True,0,1,,,,Cc1c([N+](=O)[O-])cc([N+](=O)[O-])cc1[N+](=O)[O-]
2h3_acetic_2h_acid_cid2723903,,,2h3_acetic_2h_acid_cid2723903.png,high,high,0.8752454205180387,exact,(2H3)acetic (2H)acid,(2H3)acetic (2H)acid,1.0,4,4,exact,exact,(2H3)acetic (2H)acid,False,False,False,False,1.0,True,True,0,1,,,,[2H]OC(=O)C([2H])([2H])[2H]
2h4_tetrahydro_2h4_furan_cid80290,,,2h4_tetrahydro_2h4_furan_cid80290.png,low,low,0.8097733060947893,exact,(2H4)Tetrahydro(2H4)furan,(2H4)Tetrahydro(2H4)furan,1.0,5,5,exact,exact,(2H4)Tetrahydro(2H4)furan,False,False,False,False,1.0,True,True,0,1,,,,[2H]C1([2H])OC([2H])([2H])C([2H])([2H])C1([2H])[2H]
4_formylphenylboronic_acid_cid591073,,,4_formylphenylboronic_acid_cid591073.png,high,high,0.8859315033962568,exact,4-Formylphenylboronic Acid,4-Formylphenylboronic Acid,1.0,11,11,exact,exact,4-Formylphenylboronic Acid,False,False,False,False,1.0,True,True,0,1,,,,[H]OB(O[H])c1ccc(C([H])=O)cc1
5_ctp_cid6176,,,5_ctp_cid6176.png,high,high,0.879842626085231,wrong,,5'-Ctp,1.0,29,29,exact,exact,5'-Ctp,False,True,False,False,1.0,False,False,6,7,[H].[H].[H].[H].[H].[H],,,"[H].[H].[H].[H].[H].[H].[H]OP(=O)(O)OP(=O)(O)OP(=O)(O[H])OC[C@H]1O[C@@H](n2ccc(N)nc2=O)[C@H](O)[C@@H]1O |^1:0,1,2,3,4,5|"
8r_5_6_dihydro_8_methyl_3_3_methyl_1_2_4_thiadiazol_5_yl_1_2_cid117604931,,,8r_5_6_dihydro_8_methyl_3_3_methyl_1_2_4_thiadiazol_5_yl_1_2_cid117604931.png,high,high,0.9155840765591143,exact,"((8R)-5,6-Dihydro-8-methyl-3-(3-methyl-1,2,4-thiadiazol-5-yl)-1,2,4-triazolo(4,3-a)pyrazin-7(8H)-yl)(4-fluorophenyl)methanone","((8R)-5,6-Dihydro-8-methyl-3-(3-methyl-1,2,4-thiadiazol-5-yl)-1,2,4-triazolo(4,3-a)pyrazin-7(8H)-yl)(4-fluorophenyl)methanone",1.0,25,25,exact,exact,"((8R)-5,6-Dihydro-8-methyl-3-(3-methyl-1,2,4-thiadiazol-5-yl)-1,2,4-triazolo(4,3-a)pyrazin-7(8H)-yl)(4-fluorophenyl)methanone",False,False,False,False,1.0,True,True,0,1,,,,Cc1nsc(-c2nnc3n2CCN(C(=O)c2ccc(F)cc2)[C@@H]3C)n1
9_borabicyclo_3_3_1_nonane_cid78966,,,9_borabicyclo_3_3_1_nonane_cid78966.png,low,low,0.7808756200690139,wrong,,9-Borabicyclo(3.3.1)nonane,0.917,9,9,exact,exact,9-Borabicyclo(3.3.1)nonane,False,True,False,False,1.0,False,False,2,2,[HH],,,B1C2CCCC1CCC2.[HH]
acid_blue_3_cid77073,,,acid_blue_3_cid77073.png,low,low,0.8253644207636485,wrong,,Acid Blue 3,0.585,80,77,wrong,wrong,,False,False,False,False,0.585,False,False,5,10,,[O-].[O-].[O-].[O-].[O-].[O-],,"C/C=[N+](\CC)C1C=CC(=C(c2ccc(N(CC)CC)cc2)c2cc(O)c(SO)cc2S(=O)(=O)[O-])C=C1.CCN(CC)c1ccc(C(=C2C=CC(=[N+](CC)CC)C=C2)c2cc(O)c(SO)cc2S(=O)[O-])cc1.[O-].[O-].[O-].[O-].[O-].[O-].[O-].[O-][Ca] |^1:71,72,73,74,75,76,77,79|"
acridine_orange_base_cid62344,,,acridine_orange_base_cid62344.png,high,high,0.8972117104030597,exact,Acridine Orange Base,Acridine Orange Base,1.0,20,20,exact,exact,Acridine Orange Base,False,False,False,False,1.0,True,True,0,1,,,,CN(C)c1ccc2cc3ccc(N(C)C)cc3nc2c1
adagrasib_cid138611145,,,adagrasib_cid138611145.png,high,high,0.9091450668175787,exact,Adagrasib,Adagrasib,1.0,43,43,exact,exact,Adagrasib,False,False,False,False,1.0,True,True,0,1,,,,C=C(F)C(=O)N1CCN(c2nc(OC[C@@H]3CCCN3C)nc3c2CCN(c2cccc4cccc(Cl)c24)C3)C[C@@H]1CC#N
adefovir_dipivoxil_cid60871,,,adefovir_dipivoxil_cid60871.png,high,high,0.892854214682165,wrong,,Adefovir Dipivoxil,0.963,34,34,exact,exact,Adefovir Dipivoxil,False,True,False,False,1.0,False,False,3,3,[HH].[H],,,CC(C)(C)C(=O)OCOP(=O)(COCCn1cnc2c(N)ncnc21)OCOC(=O)C(C)(C)C.[HH].[H] |^1:35|
aldrin_cid12310947,,,aldrin_cid12310947.png,low,low,0.09196161447412789,invalid,,,,,,invalid,invalid,,False,False,False,False,,False,,,,,,,[H]C12C=CC3([H])C14C21C256([H])C=CC78([H])C2C34175C61([H])C2(Cl)C(Cl)=C(Cl)C(Cl)(C2(Cl)Cl)C81[H]
alectinib_cid49806720,,,alectinib_cid49806720.png,high,high,0.8912778377752726,exact,Alectinib,Alectinib,1.0,36,36,exact,exact,Alectinib,False,False,False,False,1.0,True,True,0,1,,,,CCc1cc2c(cc1N1CCC(N3CCOCC3)CC1)C(C)(C)c1[nH]c3cc(C#N)ccc3c1C2=O
alendronic_acid_cid2088,,,alendronic_acid_cid2088.png,low,low,0.7836275009719409,wrong,,Alendronic Acid,0.909,15,14,salt,exact,Alendronic Acid,False,True,False,True,0.952,False,False,6,4,[H].[H],,N,"[H].[H].[H]NCCCC(O[H])(P(=O)(O)O)P(=O)(O[H])O[H].[H]N[H] |^1:0,1|"
anidulafungin_cid166548,,,anidulafungin_cid166548.png,low,low,5.573002647120473e-07,invalid,,,,,,invalid,invalid,,False,False,False,False,,False,,,,,,,[H]C1C(O)C(C)CN1C(O)=C(C(C)O)N(C(=O)C([H])(NC12([H])OC([H])(O)[CH]134C1(=O)N=C(C(C)O)[CH]35OC543(OC45(=O)=O=C678=O=C69N47C4(O)(C=CC(C6=CC=C(C7=CC=C(OCCCCC)C=C7)C=C6)=CC=C4O)N958)ON4(=O=C4C4=CC=C(N)C=C4)[CH]123)C(O)C(O)=CC=CC(O)=CC)C1=CC=C(O)C=C1
asunaprevir_cid16076883,,,asunaprevir_cid16076883.png,high,high,0.8712405551721212,exact,Asunaprevir,Asunaprevir,1.0,51,51,exact,exact,Asunaprevir,False,False,False,False,1.0,True,True,0,1,,,,C=C[C@@H]1C[C@]1(NC(=O)[C@@H]1C[C@@H](Oc2ncc(OC)c3ccc(Cl)cc23)CN1C(=O)[C@@H](NC(=O)OC(C)(C)C)C(C)(C)C)C(=O)NS(=O)(=O)C1CC1
atosiban_cid5311010,,,atosiban_cid5311010.png,low,low,0.2945263152323247,wrong,,Atosiban,0.444,66,68,wrong,wrong,,False,False,False,False,0.444,False,False,2,1,,,,[H][C@@]1(NC(=O)[C@@]([H])(NC(=O)[C@@H](Cc2ccc(OCC)cc2)NC(=O)CCS)[C@@H](C)CC)C(=O)N[C@@H](CC(N)=O)C(N[C@@H](CS)C(=O)N2CCC[C@H]2C(=O)N[C@@H](CCCN)C(=O)NCC(N)=O)[C@H]1O
berberine_cid2353,,,berberine_cid2353.png,high,high,0.9041493722014192,exact,Berberine,Berberine,1.0,25,25,exact,exact,Berberine,False,False,False,False,1.0,True,True,0,1,,,,COc1ccc2cc3[n+](cc2c1OC)CCc1cc2c(cc1-3)OCO2
betrixaban_cid10275777,,,betrixaban_cid10275777.png,high,high,0.9026029676946372,wrong,,Betrixaban,0.981,32,32,exact,exact,Betrixaban,False,True,False,False,1.0,False,False,4,3,[HH].[HH],,,COc1ccc(NC(=O)c2ccc(C(=N)N(C)C)cc2)c(C(=O)Nc2ccc(Cl)cn2)c1.[HH].[HH]
bexagliflozin_cid25195624,,,bexagliflozin_cid25195624.png,low,low,0.5097992252570415,exact,Bexagliflozin,Bexagliflozin,1.0,32,32,exact,exact,Bexagliflozin,False,False,False,False,1.0,True,True,0,1,,,,OC[C@H]1O[C@@H](c2ccc(Cl)c(Cc3ccc(OCCOC4CC4)cc3)c2)[C@H](O)[C@@H](O)[C@@H]1O
bis_dibenzylideneacetone_palladium_cid9811564,,,bis_dibenzylideneacetone_palladium_cid9811564.png,low,low,0.653283496906122,invalid,,,,,,invalid,invalid,,False,False,False,False,,False,,,,,,,[H]C(=CC(=O)C([H])=C([H])C1=CC=CC=C1)C1=CC=CC=C1.[H]C(C(=O)C1=C([H])(C2=CC=CC=C2)[H]1)=C([H])C1=CC=CC=C1.[H]C(C(=O)C=CC1=CC=CC=C1)=C([H])C1=CC=CC=C1.[Pd].[Pd]
bis_pinacolato_diborane_cid2733548,,,bis_pinacolato_diborane_cid2733548.png,high,high,0.8617898607442088,exact,Bis(pinacolato)diborane,Bis(pinacolato)diborane,1.0,18,18,exact,exact,Bis(pinacolato)diborane,False,False,False,False,1.0,True,True,0,1,,,,CC1(C)OB(B2OC(C)(C)C(C)(C)O2)OC1(C)C
bivalirudin_cid16129704,,,bivalirudin_cid16129704.png,low,low,2.566122875979352e-33,invalid,,,,,,invalid,invalid,,False,False,False,False,,False,,,,,,,C[CH][CH][CH][CH]OC(C)C1OC1[CH]O[CH][CH]O[CH][CH]12O[CH]13C([CH]O1[CH]OC1[CH]O[CH]O[CH]C1OC1C1OC1O[CH]O[CH]O[CH]O[CH]OC1C4C(C5OC(O[CH](C)(C)C)C5OC5O[CH]56789%10O5[CH]%11%12%13%14%15O6[CH]5%1176%16%17%18%19O%125[CH]%13867%11%12%20O6[CH]%1497%168%13O%11%17[CH]65%15%108%12%18O%13%20%19)O14)OC[CH]23O
boceprevir_cid10324367,,,boceprevir_cid10324367.png,high,high,0.8715426806511218,wrong,,Boceprevir,0.983,37,37,exact,exact,Boceprevir,False,True,False,False,1.0,False,False,2,3,[H].[H],,,"[H].[H].[H]N(C(=O)[C@H]1N(C(=O)[C@@H](NC(=O)NC(C)(C)C)C(C)(C)C)C[C@]2([H])C(C)(C)[C@]12[H])C([H])(CC1CCC1)C(=O)C(N)=O |^1:0,1|"
boron_tribromide_cid25134,,,boron_tribromide_cid25134.png,high,high,0.8601421459417008,exact,Boron tribromide,Boron tribromide,1.0,4,4,exact,exact,Boron tribromide,False,False,False,False,1.0,True,True,0,1,,,,BrB(Br)Br
boron_trifluoride_cid6356,,,boron_trifluoride_cid6356.png,high,high,0.8746536824012378,exact,Boron trifluoride,Boron trifluoride,1.0,4,4,exact,exact,Boron trifluoride,False,False,False,False,1.0,True,True,0,1,,,,FB(F)F
brigatinib_cid68165256,,,brigatinib_cid68165256.png,high,high,0.9008362065573934,exact,Brigatinib,Brigatinib,1.0,40,40,exact,exact,Brigatinib,False,False,False,False,1.0,True,True,0,1,,,,[H]N(c1ccccc1P(C)(C)=O)c1nc(Nc2ccc(N3CCC(N4CCN(C)CC4)CC3)cc2OC)ncc1Cl
buserelin_cid50225,,,buserelin_cid50225.png,low,low,0.1742757473507179,invalid,,,,,,invalid,invalid,,False,False,False,False,,False,,,,,,,[H]OC1=CC=C(CC(NC(=C)(=O)C(CO)NC(=O)C(CC2=CNC3=CC=CC=C23)NC(=O)C(CC2=CN=CN2)NC(=O)C2CCC(=O)N2)C(=O)NC(COC(C)(C)C)C(=O)NC(CC(C)C)C(=O)NC(CCCN=C(N)N)C(=O)N2CCCC2C(=O)NCC)C=C1
c_i_direct_blue_53_cid9409,,,c_i_direct_blue_53_cid9409.png,low,low,0.8214515534886103,wrong,,C.I. Direct Blue 53,0.338,65,62,wrong,wrong,,False,False,False,False,0.338,False,False,20,9,,O.[Na].[OH][Na],,"Cc1cc(-c2ccc(NNc3ccc4c(SO)cc([SH](=O)(O)O)c(N)c4c3O)c(C)c2)ccc1NNc1ccc2c(SO)cc(S(=O)(=O)O)c(N)c2c1O.O.O.[Na].[Na].[O-].[O-]O.[OH][Na].[OH][Na] |^1:56,57,58|"
capmatinib_cid25145656,,,capmatinib_cid25145656.png,high,high,0.9104316898311192,exact,Capmatinib,Capmatinib,1.0,31,31,exact,exact,Capmatinib,False,False,False,False,1.0,True,True,0,1,,,,CNC(=O)c1ccc(-c2cnc3ncc(Cc4ccc5ncccc5c4)n3n2)cc1F
capreomycin_cid3000502,,,capreomycin_cid3000502.png,low,low,1.620357563278607e-09,invalid,,,,,,invalid,invalid,,False,False,False,False,,False,,,,,,,C=C1(NCCC(CNC(=O)CC(N)CCCN)NC(=O)C(CO)NC(=O)C(N)CNC(=O)C(CNC(N)=O)NC(=O)C(=CNC(N)=O)N=CN)=O=C1NC(N)=O.C[CH]NC(=O)C(N)CNC(=O)C1234NC5(=O)(=O)C6=C789%10=N(C=7(C(N)=O)=C8(NC(N)=O)N9)[CH]178CC(CNC1(=O)=O=C(N)C1)(CC72N6)C8C3N%101=C(N)(N)=C1C(=O)N54
carbazole_cid6854,,,carbazole_cid6854.png,high,high,0.8705952786205632,exact,Carbazole,Carbazole,1.0,13,13,exact,exact,Carbazole,False,False,False,False,1.0,True,True,0,1,,,,c1ccc2c(c1)[nH]c1ccccc12
cenobamate_cid11962412,,,cenobamate_cid11962412.png,high,high,0.8844703188334342,exact,Cenobamate,Cenobamate,1.0,18,18,exact,exact,Cenobamate,False,False,False,False,1.0,True,True,0,1,,,,[H]NC(=O)O[C@@H](Cn1ncnn1)c1ccccc1Cl
chlordecone_cid299,,,chlordecone_cid299.png,low,low,0.04962271300369603,invalid,,,,,,invalid,invalid,,False,False,False,False,,False,,,,,,,O=C1C2(Cl)C345(Cl)C16(Cl)C31(Cl)C(Cl)(Cl)C437(Cl)C4(Cl)C613(Cl)C2457Cl
chloroisopropylmagnesium_cid101955,,,chloroisopropylmagnesium_cid101955.png,low,low,0.816921772738659,invalid,,,,,,invalid,invalid,,False,False,False,False,,False,,,,,,,[H][C-](C)(C)[Mg+][Cl-]
chlorophyll_b_cid11593175,,,chlorophyll_b_cid11593175.png,low,low,0.1109415793823897,invalid,,,,,,invalid,invalid,,False,False,False,False,,False,,,,,,,[H]C(=O)C1=C(CC)C2=CC34=C(C)C56=C78N3C5(N=47)C8(=C3NC(=CC4C(C)=C(C=C)C(=CC1=N2)[N]4[Mg])C(C)C3CCC(=O)OCC=C(C)CCCC(C)CCCC(C)CCCC(C)C)C(C(=O)OC)C6=O
cholesterol_25_26_26_26_27_27_27_d7_cid5314029,,,cholesterol_25_26_26_26_27_27_27_d7_cid5314029.png,low,low,0.6260875881291871,stereo,"Cholesterol-25,26,26,26,27,27,27-d7","Cholesterol-25,26,26,26,27,27,27-d7",1.0,28,28,stereo,stereo,"Cholesterol-25,26,26,26,27,27,27-d7",False,False,False,False,1.0,True,True,0,1,,,,[H][C@]12CC=C3C[C@@H](O)CC[C@]3(C)[C@@]1([H])CC[C@@]1(C)[C@@]2([H])CC[C@]1([H])[C@H](C)CCCC([2H])(C([2H])([2H])[2H])C([2H])([2H])[2H]
chromocene_cid79154,,,chromocene_cid79154.png,low,low,0.7592569730503111,wrong,,Chromocene,0.471,11,11,wrong,wrong,,False,False,False,False,0.471,False,False,1,3,,,,[C-]1C=CC=C1.[Cr+4].[H][c-]1cccc1 |^1:0|
cid_10898559_cid10898559,,,cid_10898559_cid10898559.png,low,low,1.153082158314953e-05,invalid,,,,,,invalid,invalid,,False,False,False,False,,False,,,,,,,CC1=CC2=C(C=C1C)N(C1OC(CO)C(O)C1([O-])O)C=N2.[H]NC(=O)CCC1C=C2(C)[CH]3(N=CC=CNC4=C5(C)C678=C59(=C=46C)C7456(C)CC(=O)(NCC(C)O)=O=C(N)C[CH]47%10C([H])(C(C)C1(C)CC(=O)N[H])C8975(C)(C)C%106CCNCCO)[CH]14(CC(N)=O)C(C(N)=O)CC1C234(C)CC(N)=O
cidofovir_cid60613,,,cidofovir_cid60613.png,high,high,0.8698696038699614,wrong,,Cidofovir,0.976,18,18,exact,exact,Cidofovir,False,True,False,False,1.0,False,False,4,5,[H].[H].[H].[H],,,"[H].[H].[H].[H].[H]OP(=O)(O)CO[C@H](CO)Cn1ccc(N)nc1=O |^1:0,1,2,3|"
clodronate_cid25419,,,clodronate_cid25419.png,high,high,0.8651398415079147,exact,Clodronate,Clodronate,1.0,11,11,exact,exact,Clodronate,False,False,False,False,1.0,True,True,0,1,,,,[H]OP(=O)(O[H])C(Cl)(Cl)P(=O)(O[H])O[H]
cobimetinib_cid16222096,,,cobimetinib_cid16222096.png,high,high,0.9022350661467884,wrong,,Cobimetinib,0.983,30,30,stereo,stereo,Cobimetinib,False,True,False,False,1.0,False,False,2,3,[H].[H],,,"[H].[H].[H][C@]1(C2(O)CN(C(=O)c3ccc(F)c(F)c3Nc3ccc(I)cc3F)C2)CCCCN1 |^1:0,1|"
copanlisib_cid135565596,,,copanlisib_cid135565596.png,low,low,0.8429369647562261,wrong,,Copanlisib,0.986,35,35,stereo,stereo,Copanlisib,False,True,False,False,1.0,False,False,3,4,[H].[H].[H],,,"COc1c(OCCCN2CCOCC2)ccc2c3n(/c(=N/C(=O)c4cnc(N)nc4)nc12)CCN3.[H].[H].[H] |^1:35,36,37|"
cupric_acetate_cid8895,,,cupric_acetate_cid8895.png,high,high,0.8865450597058322,wrong,,Cupric acetate,0.8,9,9,wrong,near,,False,False,False,True,0.8,False,False,0,3,,CC(=O)[O-],[Cu+],CC(=O)[O-].CC(=O)[O-].[Cu+]
cyclohexane_d12_cid123129,,,cyclohexane_d12_cid123129.png,low,low,0.747585309713864,exact,Cyclohexane-D12,Cyclohexane-D12,1.0,6,6,exact,exact,Cyclohexane-D12,False,False,False,False,1.0,True,True,0,1,,,,[2H]C1([2H])C([2H])([2H])C([2H])([2H])C([2H])([2H])C([2H])([2H])C1([2H])[2H]
cytisine_cid10235,,,cytisine_cid10235.png,low,low,0.7097184952737848,stereo,Cytisine,Cytisine,1.0,14,14,stereo,stereo,Cytisine,False,False,False,False,1.0,True,True,0,1,,,,[H]N1C[C@@]2([H])Cn3c(cccc3=O)[C@]([H])(C1)C2
daclatasvir_cid25154714,,,daclatasvir_cid25154714.png,low,low,0.1917168258741845,invalid,,,,,,invalid,invalid,,False,False,False,False,,False,,,,,,,[H]N(C(=O)OC)C(C(=O)N1CCCC1([H])C12=C3=C(C4=CC=C(C5=CC=C(C6=CN=C(C7CCCN7C(=O)C(NC(=O)OC)C(C)C)N6)C=C5)C=C4)(=N31)N2)C(C)C
dacomitinib_cid11511120,,,dacomitinib_cid11511120.png,high,high,0.9172533017092744,exact,Dacomitinib,Dacomitinib,1.0,33,33,exact,exact,Dacomitinib,False,False,False,False,1.0,True,True,0,1,,,,[H]/C(CN1CCCCC1)=C(/[H])C(=O)Nc1cc2c(Nc3ccc(F)c(Cl)c3)ncnc2cc1OC
dactinomycin_cid457193,,,dactinomycin_cid457193.png,low,low,0.003241939516315126,invalid,,,,,,invalid,invalid,,False,False,False,False,,False,,,,,,,O.[H]NC1=C2(C(=O)NC(C(=O)NC(C(=O)NC([H])C(=O)N(C)CC(=O)N(C)C3C(=O)CC3(C)C)C(C)C)C(C)C)C34=N5C26=N3C523=C5C=CC789(C)C%10=CC=2(=C2=C7=C=C=28C%10(C)=C39OC46=C(C)C1(=O)=O)C1=O=C5NC2CNC(C(C)C)C(=O)N3CCCC3([H])C(=O)N3CCN(C)C(CO[CH]2(C)(C)[CH]N1)C(C)(C)C3
dalbavancin_cid16134627,,,dalbavancin_cid16134627.png,low,low,8.177352781971628e-06,invalid,,,,,,invalid,invalid,,False,False,False,False,,False,,,,,,,[H]C1(O)C(O)C(CO)OC(OC2=CC(O)=CC3=C2CNCCNC[CH]NC[CH](CC)(CC=C(C)OC2=C45C=C2(O4)O5)NC(=O)(=O)C(NC(=O)NC)CCC=CCOC2=C4(O[CH][CH]NCCCCCCCCCCC)=C25=CC4OC2=C4(Cl)=C(C=CC6(=C4)=C4(=CNC[CH]3)C(C=C2)C6(=O)C4([H])C(=O)NN(C)C)O5)C1O
dalfopristin_cid6323289,,,dalfopristin_cid6323289.png,high,high,0.8499300632416565,stereo,Dalfopristin,Dalfopristin,1.0,48,48,stereo,stereo,Dalfopristin,False,False,False,False,1.0,True,True,0,1,,,,[H]O[C@H]1CC(=O)Cc2nc(co2)C(=O)N2CC[C@@H](S(=O)(=O)CCN(CC)CC)[C@]2([H])C(=O)O[C@H](C(C)C)[C@H](C)/C([H])=C(/[H])C(=O)NC/C([H])=C([H])\C(C)=C/1[H]
decabromodiphenyl_ether_cid14410,,,decabromodiphenyl_ether_cid14410.png,high,high,0.8653766381606843,exact,Decabromodiphenyl ether,Decabromodiphenyl ether,1.0,23,23,exact,exact,Decabromodiphenyl ether,False,False,False,False,1.0,True,True,0,1,,,,Brc1c(Br)c(Br)c(Oc2c(Br)c(Br)c(Br)c(Br)c2Br)c(Br)c1Br
degarelix_cid16136245,,,degarelix_cid16136245.png,low,low,7.734098085395827e-08,invalid,,,,,,invalid,invalid,,False,False,False,False,,False,,,,,,,C1=NC2=C3C(=C1)C=23.CCNCCCCC(CC(=O)(=O)NC(CC(C)C)N[CH]123CN1C1C24C256=C78=C49%10(=C=24C72=C7%11=C84=C=248(C2=C9=C74=C=25%10)N%11C24=O=C(N)(=O)(N2)N48)C163)C(=O)N1CCCC1C(=O)NC(C)C(N)=O.CN[CH]CN[CH]CN[CH]CN1[CH]2345CN26[CH]27CN8[CH]9%10CN9[CH]89C%10N8C(N%10C[CH]%108C(O)[CH]168%10(N2C738)C41OC5%10O1)C9(N)=O.O.O
delafloxacin_cid487101,,,delafloxacin_cid487101.png,high,high,0.912915873184904,wrong,,Delafloxacin,1.0,30,30,exact,exact,Delafloxacin,False,True,False,False,1.0,False,False,1,2,[H],,,[H].[H]Nc1nc(-n2cc(C(=O)O)c(=O)c3cc(F)c(N4CC(O[H])C4)c(Cl)c32)c(F)cc1F |^1:0|
deslorelin_cid25077495,,,deslorelin_cid25077495.png,low,low,0.3096958976160988,invalid,,,,,,invalid,invalid,,False,False,False,False,,False,,,,,,,[H]NC(N)=NCCCC(NC(=O)C(CC(C)C)NC(=O)C(CC1=CNC2=CC=CC=C12)NC(=O)C(CC1=CC=C(O)C=C1)NC(=O)C(CO)NC(=O)C(CC1=CNC2=CC=CC=C12)NC(=O)C(CC1=CN=CN1)NC(=O)C1CCC(=O)N1)C(=O)N1CCCC1C(=O)(=O)NCC
destruxin_a_cid11421831,,,destruxin_a_cid11421831.png,high,high,0.8740664287531222,exact,Destruxin A,Destruxin A,1.0,41,41,exact,exact,Destruxin A,False,False,False,False,1.0,True,True,0,1,,,,[H]N1C(=O)[C@]2([H])CCCN2C(=O)[C@@H](CC=C)OC(=O)CCNC(=O)[C@H](C)N(C)C(=O)[C@H](C(C)C)N(C)C(=O)[C@]1([H])[C@@H](C)CC
deuruxolitinib_cid72704611,,,deuruxolitinib_cid72704611.png,high,high,0.8809763260771342,exact,Deuruxolitinib,Deuruxolitinib,1.0,23,23,exact,exact,Deuruxolitinib,False,False,False,False,1.0,True,True,0,1,,,,[2H]C1([2H])C([C@@H](CC#N)n2cc(-c3ncnc4[nH]ccc34)cn2)C([2H])([2H])C([2H])([2H])C1([2H])[2H]
deuterated_l_leucine_cid16213587,,,deuterated_l_leucine_cid16213587.png,high,high,0.8511638846096439,stereo,Deuterated L-leucine,Deuterated L-leucine,1.0,9,9,stereo,stereo,Deuterated L-leucine,False,False,False,False,1.0,True,True,0,1,,,,[H]N[C@@]([2H])(C(=O)O[H])C([2H])([2H])C([2H])(C([2H])([2H])[2H])C([2H])([2H])[2H]
dibenzofuran_cid568,,,dibenzofuran_cid568.png,low,low,0.8298311587606626,exact,Dibenzofuran,Dibenzofuran,1.0,13,13,exact,exact,Dibenzofuran,False,False,False,False,1.0,True,True,0,1,,,,c1ccc2c(c1)oc1ccccc12
dibenzothiophene_cid3023,,,dibenzothiophene_cid3023.png,high,high,0.8508049487901077,exact,Dibenzothiophene,Dibenzothiophene,1.0,13,13,exact,exact,Dibenzothiophene,False,False,False,False,1.0,True,True,0,1,,,,c1ccc2c(c1)sc1ccccc12
dibutyltin_dilaurate_cid16682738,,,dibutyltin_dilaurate_cid16682738.png,high,high,0.8905538091113411,wrong,,Dibutyltin dilaurate,0.656,36,37,wrong,wrong,,False,False,False,False,0.656,False,False,1,1,,,,CCCCCCCCCCCC(=O)[O][Sn]([CH2]CCC)([CH2]CCC)[C](=O)CCCCCCCCCCC
dichlorvos_cid3039,,,dichlorvos_cid3039.png,low,low,0.7917521971420421,exact,Dichlorvos,Dichlorvos,1.0,11,11,exact,exact,Dichlorvos,False,False,False,False,1.0,True,True,0,1,,,,COP(=O)(OC)OC=C(Cl)Cl
dicyclohexano_18_crown_6_cid85955,,,dicyclohexano_18_crown_6_cid85955.png,high,high,0.8918361426171978,exact,Dicyclohexano-18-crown-6,Dicyclohexano-18-crown-6,1.0,26,26,exact,exact,Dicyclohexano-18-crown-6,False,False,False,False,1.0,True,True,0,1,,,,C1CCC2OCCOCCOC3CCCCC3OCCOCCOC2C1
didemnin_b_cid122651,,,didemnin_b_cid122651.png,low,low,2.013694898764504e-06,invalid,,,,,,invalid,invalid,,False,False,False,False,,False,,,,,,,[H]N1C(=O)[CH]23CN24C(=O)C(CC(C)C)OC(=O)C(C[CH]3425C=CC(OC)=CC=C2(C)N5C(=O)C(CC(C)C)N(C)C(=O)C2CCCN2C(=O)C(C)O)N(C)C23=O=C4(=O=2)[CH]2(C(N)=O)C(C)C2(=O)C2OC(=O)CC(C)(C)CC1([H])C1(C)(C)C5([H])(CC5(C)(C)CC(=O)O2)C2(C)CC2341NC(=O)CC(C)C
dieldrin_cid969491,,,dieldrin_cid969491.png,low,low,0.4197348962704668,invalid,,,,,,invalid,invalid,,False,False,False,False,,False,,,,,,,[H]C1C2(Cl)C(Cl)=C(Cl)C(Cl)(C2(Cl)Cl)C1([H])C1([H])C2C3O[CH]321
dimethyl_methylphosphonate_cid12958,,,dimethyl_methylphosphonate_cid12958.png,low,low,0.8303563631499478,exact,Dimethyl methylphosphonate,Dimethyl methylphosphonate,1.0,7,7,exact,exact,Dimethyl methylphosphonate,False,False,False,False,1.0,True,True,0,1,,,,COP(C)(=O)OC
disodium_2_1_3_dioxo_2_3_dihydro_1h_inden_2_yl_quinoline_6_8_cid24671,,,disodium_2_1_3_dioxo_2_3_dihydro_1h_inden_2_yl_quinoline_6_8_cid24671.png,high,high,0.9034174851438239,exact,"Disodium 2-(1,3-dioxo-2,3-dihydro-1H-inden-2-yl)quinoline-6,8-disulfonate","Disodium 2-(1,3-dioxo-2,3-dihydro-1H-inden-2-yl)quinoline-6,8-disulfonate",1.0,31,31,exact,exact,"Disodium 2-(1,3-dioxo-2,3-dihydro-1H-inden-2-yl)quinoline-6,8-disulfonate",False,False,False,False,1.0,True,True,0,3,,[Na+],,O=C1c2ccccc2C(=O)C1c1ccc2cc(S(=O)(=O)[O-])cc(S(=O)(=O)[O-])c2n1.[Na+].[Na+]
donafenib_cid25191001,,,donafenib_cid25191001.png,high,high,0.8974468450976187,exact,Donafenib,Donafenib,1.0,32,32,exact,exact,Donafenib,False,False,False,False,1.0,True,True,0,1,,,,[2H]C([2H])([2H])NC(=O)c1cc(Oc2ccc(NC(=O)Nc3ccc(Cl)c(C(F)(F)F)c3)cc2)ccn1
doravirine_cid58460047,,,doravirine_cid58460047.png,high,high,0.9072884334660818,exact,Doravirine,Doravirine,1.0,29,29,exact,exact,Doravirine,False,False,False,False,1.0,True,True,0,1,,,,Cn1c(Cn2ccc(C(F)(F)F)c(Oc3cc(Cl)cc(C#N)c3)c2=O)n[nH]c1=O
drospirenone_cid68873,,,drospirenone_cid68873.png,low,low,0.8131294997685078,exact,Drospirenone,Drospirenone,1.0,27,27,exact,exact,Drospirenone,False,False,False,False,1.0,True,True,0,1,,,,[H][C@]12C[C@@]1([H])[C@]1([H])[C@](C)(CC[C@@]3([H])[C@@]1([H])[C@@]1([H])C[C@@]1([H])C1=CC(=O)CC[C@@]13C)[C@]21CCC(=O)O1
duvelisib_cid50905713,,,duvelisib_cid50905713.png,high,high,0.8885874987456002,exact,Duvelisib,Duvelisib,1.0,30,30,exact,exact,Duvelisib,False,False,False,False,1.0,True,True,0,1,,,,C[C@H](Nc1ncnc2nc[nH]c12)c1cc2cccc(Cl)c2c(=O)n1-c1ccccc1
e129_cid33258,,,e129_cid33258.png,high,high,0.8986006779102869,stereo,E129,E129,1.0,32,32,stereo,stereo,E129,False,False,False,False,1.0,True,True,0,3,,[Na+],,COc1cc(S(=O)(=O)[O-])c(C)cc1/N=N/c1c(O)ccc2cc(S(=O)(=O)[O-])ccc12.[Na+].[Na+]
ellagic_acid_cid5281855,,,ellagic_acid_cid5281855.png,high,high,0.8982440628771143,exact,Ellagic Acid,Ellagic Acid,1.0,22,22,exact,exact,Ellagic Acid,False,False,False,False,1.0,True,True,0,1,,,,[H]Oc1c(O)cc2c(=O)oc3c(O[H])c(O)cc4c(=O)oc1c2c34
emodepside_cid6918632,,,emodepside_cid6918632.png,low,low,0.0001259444796790718,invalid,,,,,,invalid,invalid,,False,False,False,False,,False,,,,,,,C[CH]OC[CH]N1C2=O=C13NC1COC4CC(N(C)C4=O=C1C(C)C)C(=O)(=O)(=O)O[CH]1(CC4567=C8=C9(=C=4%10C4=C%11%12(=C8%10=C=48(C%11=C5)N45%10C%11CO%13C%14C4N%11%1284C5CO%14C%13C%104)C=C96)C17)C(=O)N(C)[CH]CO[CH](C)(C)C1(=O)(=O)=O=C4([CH](C)(C)C)N(C)[CH]C5(=O=C(=O)(OC2C)C5N41C)OC3CC12=C3C4=C5(=C3(C=14)C1COCCN15)C=C2
enasidenib_cid89683805,,,enasidenib_cid89683805.png,high,high,0.9017448938262759,wrong,,Enasidenib,0.98,33,33,exact,exact,Enasidenib,False,True,False,False,1.0,False,False,1,2,[H],,,CC(C)(O)CNc1nc(Nc2ccnc(C(F)(F)F)c2)nc(-c2cccc(C(F)(F)F)n2)n1.[H] |^1:33|
epetraborole_cid46836890,,,epetraborole_cid46836890.png,high,high,0.8629444477218988,wrong,,Epetraborole,0.974,17,17,exact,exact,Epetraborole,False,True,False,False,1.0,False,False,2,3,[H].[H],,,"NC[C@H]1OB(O)c2c(OCCCO)cccc21.[H].[H] |^1:17,18|"
epigallocatechin_gallate_cid65064,,,epigallocatechin_gallate_cid65064.png,high,high,0.8787010031260958,wrong,,Epigallocatechin Gallate,0.977,33,33,exact,exact,Epigallocatechin Gallate,False,True,False,False,1.0,False,False,5,6,[H].[H].[H].[H].[H],,,"[H].[H].[H].[H].[H].[H]Oc1c(O)cc(C(=O)O[C@@H]2Cc3c(O)cc(O)cc3O[C@@H]2c2cc(O)c(O[H])c(O)c2)cc1O |^1:0,1,2,3,4|"
erdafitinib_cid67462786,,,erdafitinib_cid67462786.png,high,high,0.9013418576356664,exact,Erdafitinib,Erdafitinib,1.0,33,33,exact,exact,Erdafitinib,False,False,False,False,1.0,True,True,0,1,,,,COc1cc(OC)cc(N(CCNC(C)C)c2ccc3ncc(-c4cnn(C)c4)nc3c2)c1
erythrosine_cid3259,,,erythrosine_cid3259.png,high,high,0.8891125253693393,exact,Erythrosine,Erythrosine,1.0,29,29,exact,exact,Erythrosine,False,False,False,False,1.0,True,True,0,1,,,,[H]Oc1c(I)cc2c(c1I)Oc1c(cc(I)c(O)c1I)C21OC(=O)c2ccccc21
ethyl_alcohol_d6_cid102138,,,ethyl_alcohol_d6_cid102138.png,high,high,0.8563919090801053,exact,Ethyl alcohol-d6,Ethyl alcohol-d6,1.0,3,3,exact,exact,Ethyl alcohol-d6,False,False,False,False,1.0,True,True,0,1,,,,[2H]OC([2H])([2H])C([2H])([2H])[2H]
ethyl_p_nitrophenyl_benzenethiophosphonate_cid15764013,,,ethyl_p_nitrophenyl_benzenethiophosphonate_cid15764013.png,high,low,0.8684018155196671,invalid,,,,,,invalid,invalid,,False,False,False,False,,False,,,,,,,CCOP(=S)(OC1=CC=C(N(=O)O)C=C1)C1=CC=CC=C1
etidronic_acid_cid3305,,,etidronic_acid_cid3305.png,high,high,0.8613414021110982,exact,Etidronic Acid,Etidronic Acid,1.0,11,11,exact,exact,Etidronic Acid,False,False,False,False,1.0,True,True,0,1,,,,[H]OC(C)(P(=O)(O[H])O[H])P(=O)(O[H])O[H]
evodiamine_cid442088,,,evodiamine_cid442088.png,high,high,0.8747896947716123,stereo,Evodiamine,Evodiamine,1.0,23,23,stereo,stereo,Evodiamine,False,False,False,False,1.0,True,True,0,1,,,,[H][C@]12c3[nH]c4ccccc4c3CCN1C(=O)c1ccccc1N2C
fascaplysin_cid73293,,,fascaplysin_cid73293.png,high,high,0.8863360662901941,exact,Fascaplysin,Fascaplysin,1.0,21,21,exact,exact,Fascaplysin,False,False,False,False,1.0,True,True,0,1,,,,[H]n1c2ccccc2c2cc[n+]3c(c21)C(=O)c1ccccc1-3
fengycin_cid443591,,,fengycin_cid443591.png,low,low,2.785415055159166e-10,invalid,,,,,,invalid,invalid,,False,False,False,False,,False,,,,,,,[H]N[CH]12C3N45(C(=O)C(C)NCC(=O)O)C(N([H])CC(C)=O)C14[CH]351(NC2([H])C(C)O)C(=O)N[CH]2(NC[CH]NCCC(O)CCCCCCCCCCCCC)[CH]345C6=O=C(N6)(C6(=O)(=O)=O=C(=O)(=O)(C3NC(=O)C1NC1(=O)=O=C1[H])N([H])CCC(C(=O)NC([H])C(=O)OC(C)=CC(=C)O)N6)[CH]24(O)C5(O)=C(O)CC
ferric_acetylacetonate_cid5483663,,,ferric_acetylacetonate_cid5483663.png,high,high,0.8724109089028008,exact,Ferric acetylacetonate,Ferric acetylacetonate,1.0,22,22,exact,exact,Ferric acetylacetonate,False,False,False,False,1.0,True,True,0,4,,CC(=O)/C=C(/C)[O-].CC(=O)/C=C(/C)[O-],,[Fe+3].[H]/C(C(C)=O)=C(\C)[O-].[H]/C(C(C)=O)=C(\C)[O-].[H]/C(C(C)=O)=C(\C)[O-] |^1:0|
ferrocenecarboxaldehyde_cid15205657,,,ferrocenecarboxaldehyde_cid15205657.png,low,low,0.3074249132618034,wrong,,Ferrocenecarboxaldehyde,0.211,13,13,wrong,wrong,,False,False,False,False,0.211,False,False,0,1,,,,"[H]C(=O)c1ccc[c-]1([H])[Fe+][c-]1([H])cccc1 |C:7.9,10.10|"
fluspirilene_cid3396,,,fluspirilene_cid3396.png,high,high,0.9027120942556687,wrong,,Fluspirilene,0.98,35,35,exact,exact,Fluspirilene,False,True,False,False,1.0,False,False,1,2,[H],,,O=C1NCN(c2ccccc2)C12CCN(CCCC(c1ccc(F)cc1)c1ccc(F)cc1)CC2.[H] |^1:35|
fluticasone_furoate_cid9854489,,,fluticasone_furoate_cid9854489.png,low,low,0.7771101264569894,stereo,Fluticasone Furoate,Fluticasone Furoate,1.0,37,37,stereo,stereo,Fluticasone Furoate,False,False,False,False,1.0,True,True,0,1,,,,[H]O[C@H]1C[C@@]2(C)[C@@]([H])(C[C@@H](C)[C@]2(OC(=O)c2ccco2)C(=O)SCF)[C@@]2([H])C[C@H](F)C3=CC(=O)C=C[C@]3(C)[C@@]12F
fosaprepitant_cid135413538,,,fosaprepitant_cid135413538.png,low,low,0.7999947316993122,wrong,,Fosaprepitant,0.986,41,41,exact,exact,Fosaprepitant,False,True,False,False,1.0,False,False,2,3,[H].[H],,,"C[C@@H](O[C@H]1OCCN(Cc2nn(P(=O)(O)O)c(=O)[nH]2)[C@H]1c1ccc(F)cc1)c1cc(C(F)(F)F)cc(C(F)(F)F)c1.[H].[H] |^1:41,42|"
fosnetupitant_cid71544786,,,fosnetupitant_cid71544786.png,high,high,0.8950074637239696,wrong,,Fosnetupitant,0.88,47,47,skeleton,skeleton,,False,True,False,False,0.892,False,False,3,2,[HH],,,Cc1ccccc1-c1cc(N2CC[N+](C)(COP(=O)(O)O)CC2)ncc1N(C)C(=O)C(C)(C)c1cc(C(F)(F)F)cc(C(F)(F)F)c1.[HH]
fosphenytoin_cid56339,,,fosphenytoin_cid56339.png,high,high,0.8862010808832042,exact,Fosphenytoin,Fosphenytoin,1.0,25,25,exact,exact,Fosphenytoin,False,False,False,False,1.0,True,True,0,1,,,,[H]OP(=O)(O)OCN1C(=O)N([H])C(c2ccccc2)(c2ccccc2)C1=O
fospropofol_cid3038498,,,fospropofol_cid3038498.png,low,low,0.8226090495384035,exact,Fospropofol,Fospropofol,1.0,19,19,exact,exact,Fospropofol,False,False,False,False,1.0,True,True,0,1,,,,[H]OP(=O)(O)OCOc1c(C(C)C)cccc1C(C)C
fostamatinib_cid11671467,,,fostamatinib_cid11671467.png,high,high,0.908761109453765,exact,Fostamatinib,Fostamatinib,1.0,40,40,exact,exact,Fostamatinib,False,False,False,False,1.0,True,True,0,1,,,,COc1cc(Nc2ncc(F)c(Nc3ccc4c(n3)N(COP(=O)(O)O)C(=O)C(C)(C)O4)n2)cc(OC)c1OC
fostemsavir_cid11319217,,,fostemsavir_cid11319217.png,high,high,0.8996744888652101,exact,Fostemsavir,Fostemsavir,1.0,41,41,exact,exact,Fostemsavir,False,False,False,False,1.0,True,True,0,1,,,,COc1cnc(-n2cnc(C)n2)c2c1c(C(=O)C(=O)N1CCN(C(=O)c3ccccc3)CC1)cn2COP(=O)(O)O
fructose_1_6_bisphosphate_cid445555,,,fructose_1_6_bisphosphate_cid445555.png,high,high,0.881613057605539,exact,"Fructose 1,6-bisphosphate","Fructose 1,6-bisphosphate",1.0,19,19,exact,exact,"Fructose 1,6-bisphosphate",False,False,False,False,1.0,True,True,0,1,,,,[H]O[C@H]1[C@H](O)[C@H](COP(=O)(O)O[H])O[C@@H]1COP(=O)(O)O[H]
futibatinib_cid71621331,,,futibatinib_cid71621331.png,high,high,0.8836215219541693,wrong,,Futibatinib,0.968,31,31,exact,exact,Futibatinib,False,True,False,False,1.0,False,False,3,3,[HH].[H],,,C=CC(=O)N1CC[C@H](n2nc(C#Cc3cc(OC)cc(OC)c3)c3c(N)ncnc32)C1.[HH].[H] |^1:32|
gadobutrol_cid6102852,,,gadobutrol_cid6102852.png,high,high,0.8624505803997365,wrong,,Gadobutrol,0.707,31,32,wrong,wrong,,False,False,False,False,0.707,False,False,5,4,[H].[H],,,*C(=O)CN1CCN(CC(=O)[O-])CCN(CC(=O)O)CCN([C@H](CO)[C@@H](CO)O[H])CC1.[Gd].[H].[H] |$Gd13O;;;;;;;;;;;;;;;;;;;;;;;;;;;;;;;;;;$|
gadoteridol_cid60714,,,gadoteridol_cid60714.png,high,high,0.8985092151593316,exact,Gadoteridol,Gadoteridol,1.0,29,29,exact,exact,Gadoteridol,False,False,False,False,1.0,True,True,0,2,,,,CC(O)CN1CCN(CC(=O)[O-])CCN(CC(=O)[O-])CCN(CC(=O)[O-])CC1.[Gd+3] |^1:28|
gadoxetate_disodium_cid91754427,,,gadoxetate_disodium_cid91754427.png,low,low,3.979832143362898e-06,invalid,,,,,,invalid,invalid,,False,False,False,False,,False,,,,,,,CCOC1=CC=C(CC23COC45C(=O)OC(=O)C(=O)N2[O]26C(=O)CN7C4C5(=O)[O]4[CH]3[Ga]423589%10[O]C[C]73C[O][Ga+]52[O]8C(=O)CC6(O)([O]9)[O]2%10)C=C1
ganaxolone_cid6918305,,,ganaxolone_cid6918305.png,high,high,0.8446383936063859,exact,Ganaxolone,Ganaxolone,1.0,24,24,exact,exact,Ganaxolone,False,False,False,False,1.0,True,True,0,1,,,,[H]O[C@]1(C)CC[C@@]2(C)[C@@]([H])(CC[C@]3([H])[C@]2([H])CC[C@]2(C)[C@@H](C(C)=O)CC[C@@]32[H])C1
ganirelix_cid16130957,,,ganirelix_cid16130957.png,low,low,0.01456719031963668,wrong,,Ganirelix,0.657,113,112,wrong,wrong,,False,False,False,False,0.657,False,False,12,2,,,,C/C=C\C=C/C/C=C\CC[C@@H](NC(C)=O)C(=O)N[C@@H](Cc1ccc(Cl)cc1)C(=O)N[C@@H](Cc1cccnc1)C(=O)N[C@@H](CO)C(=O)N[C@H](Cc1ccc(O)cc1)C(=O)NC(CCCCN=C(NCC)NCC)CN[CH]CN[C@@H](CCCCN=C(NCC)NCC)C(=O)N1CCC[C@H]1C(=O)N[C@@H](C)C(N)=O.Cc1ccc(O)cc1 |^1:74|
gepirone_cid55191,,,gepirone_cid55191.png,high,high,0.9010736997109623,exact,Gepirone,Gepirone,1.0,26,26,exact,exact,Gepirone,False,False,False,False,1.0,True,True,0,1,,,,CC1(C)CC(=O)N(CCCCN2CCN(c3ncccn3)CC2)C(=O)C1
glecaprevir_cid66828839,,,glecaprevir_cid66828839.png,low,low,0.4352140080195596,stereo,Glecaprevir,Glecaprevir,1.0,58,58,stereo,stereo,Glecaprevir,False,False,False,False,1.0,True,True,0,1,,,,[H]/C1=C(\[H])C(F)(F)c2nc3ccccc3nc2O[C@@]2([H])C[C@@H](C(=O)N[C@]3(C(=O)NS(=O)(=O)C4(C)CC4)C[C@H]3C(F)F)N(C2)C(=O)[C@@]([H])(C(C)(C)C)NC(=O)O[C@@]2([H])CCC[C@@]2([H])OC1
glucose_6_phosphate_cid5958,,,glucose_6_phosphate_cid5958.png,high,high,0.8792445252035942,wrong,,Glucose 6-phosphate,1.0,16,16,exact,exact,Glucose 6-phosphate,False,True,False,False,1.0,False,False,1,2,[H],,,[H].[H]OC1O[C@H](COP(=O)(O)O[H])[C@@H](O[H])[C@H](O)[C@H]1O[H] |^1:0|
gramicidin_a_cid16132269,,,gramicidin_a_cid16132269.png,low,low,6.876976623517216e-14,invalid,,,,,,invalid,invalid,,False,False,False,False,,False,,,,,,,<invalid>
harmine_cid5280953,,,harmine_cid5280953.png,high,high,0.8992005945788782,exact,Harmine,Harmine,1.0,16,16,exact,exact,Harmine,False,False,False,False,1.0,True,True,0,1,,,,COc1ccc2c(c1)[nH]c1c(C)nccc12
hc_toxin_cid13889849,,,hc_toxin_cid13889849.png,high,high,0.8784843744131668,exact,HC-toxin,HC-toxin,1.0,31,31,exact,exact,HC-toxin,False,False,False,False,1.0,True,True,0,1,,,,[H]N1C(=O)[C@@H](C)NC(=O)[C@H](C)NC(=O)[C@@]2([H])CCCN2C(=O)[C@@H]1CCCCCC(=O)[C@@H]1CO1
hexaaminecobalt_trichloride_cid159295,,,hexaaminecobalt_trichloride_cid159295.png,low,low,0.6101973443482799,wrong,,Hexaaminecobalt trichloride,0.5,8,10,wrong,wrong,,False,False,False,False,0.5,False,False,13,24,[H].[H].[H].[H].[H].[H].[H].[H].[H].[H].[H].[H].[H].[H].[H].[H],N.N.[Cl-].[Cl-].[Cl-].[Cl-],,"[Cl-].[Cl-].[Cl-].[Cl-].[Cl-].[H].[H].[H].[H].[H].[H].[H].[H].[H].[H].[H].[H].[H].[H].[H].[H].[H]N.[H]N.[H]N |^1:5,6,7,8,9,10,11,12,13,14,15,16,17,18,19,20|"
hexamethylphosphoramide_cid12679,,,hexamethylphosphoramide_cid12679.png,low,low,0.811399564813391,exact,Hexamethylphosphoramide,Hexamethylphosphoramide,1.0,11,11,exact,exact,Hexamethylphosphoramide,False,False,False,False,1.0,True,True,0,1,,,,CN(C)P(=O)(N(C)C)N(C)C
hexanitrostilbene_cid5462985,,,hexanitrostilbene_cid5462985.png,high,high,0.8564623829840751,wrong,,Hexanitrostilbene,0.75,32,32,wrong,wrong,,False,False,False,False,0.75,False,False,2,1,,,,[H]/C(=C(/[H])c1c([N+](=O)[O-])cc([N+](=O)O)cc1[N+](=O)O)c1c([N+](=O)[O-])cc([N+](=O)[O-])cc1[N+](=O)[O-]
hypoxanthine_cid135398638,,,hypoxanthine_cid135398638.png,high,high,0.8975491509721206,exact,Hypoxanthine,Hypoxanthine,1.0,10,10,exact,exact,Hypoxanthine,False,False,False,False,1.0,True,True,0,1,,,,[H]n1cnc2ncn([H])c2c1=O
ibrexafungerp_cid46871657,,,ibrexafungerp_cid46871657.png,low,low,0.07911591722823787,invalid,,,,,,invalid,invalid,,False,False,False,False,,False,,,,,,,[H]NC(C)(COC1C(N2N=CN=C2C2=CC=NC=C2)CC2345CC(C)(C6(C)CCC7(C(C(=O)O)C6C)C(C(C)C)C[CH]7(C)C(C)C)CCC2([H])C12(C)(O3)O4O52)C(C)(C)C
imidazo_1_2_a_pyridine_cid78960,,,imidazo_1_2_a_pyridine_cid78960.png,low,low,0.809942392320278,exact,"Imidazo(1,2-a)pyridine","Imidazo(1,2-a)pyridine",1.0,9,9,exact,exact,"Imidazo(1,2-a)pyridine",False,False,False,False,1.0,True,True,0,1,,,,c1ccn2ccnc2c1
indolizine_cid9230,,,indolizine_cid9230.png,high,high,0.8647448285228794,exact,Indolizine,Indolizine,1.0,9,9,exact,exact,Indolizine,False,False,False,False,1.0,True,True,0,1,,,,c1ccn2cccc2c1
istradefylline_cid5311037,,,istradefylline_cid5311037.png,high,high,0.9009643241147087,exact,Istradefylline,Istradefylline,1.0,28,28,exact,exact,Istradefylline,False,False,False,False,1.0,True,True,0,1,,,,[H]/C(=C(/[H])c1nc2c(c(=O)n(CC)c(=O)n2CC)n1C)c1ccc(OC)c(OC)c1
ixazomib_cid25183872,,,ixazomib_cid25183872.png,high,high,0.8997739889951514,exact,Ixazomib,Ixazomib,1.0,23,23,exact,exact,Ixazomib,False,False,False,False,1.0,True,True,0,1,,,,[H]OB(O[H])[C@H](CC(C)C)NC(=O)CN([H])C(=O)c1cc(Cl)ccc1Cl
kahalalide_f_cid9898671,,,kahalalide_f_cid9898671.png,low,low,9.115269916848669e-10,invalid,,,,,,invalid,invalid,,False,False,False,False,,False,,,,,,,C=CC=CC1C([CH]2(O)O[CH]23OC3C(CC)[CH]2(O)[CH][CH]2(O)C(O)C([CH]CC)C(O)C(C)C(CCCC(C)C)C(O)C(O)C2CCCC2C(=O)[CH](N[CH][CH]2(COC([CH]NC(CC(=O)CCCC(C)C)C(C)C)C(C)C)C3(C)CC2(C)C3)(C(=O)O)C(C)C)C23(C)(C)(C)CC1(C2)C3
l_p_boronophenylalanine_cid150315,,,l_p_boronophenylalanine_cid150315.png,low,low,0.3902604225222535,wrong,,L-p-Boronophenylalanine,0.964,15,15,stereo,stereo,L-p-Boronophenylalanine,False,True,False,False,1.0,False,False,12,7,[HH].[HH].[HH].[HH].[HH].[HH],,,[HH].[HH].[HH].[HH].[HH].[HH].[HH]N([HH])C(CC1=CC=C(B(O)O)C=C1)C(=O)O
lanreotide_cid6918011,,,lanreotide_cid6918011.png,low,low,0.02765862100380644,invalid,,,,,,invalid,invalid,,False,False,False,False,,False,,,,,,,[H]NCCCCC1NC(=O)[CH]23CC4(C5(S)=C=CC=CC=5N[H])=C(=CC42[CH]NC[CH]NC2[CH]NCC(N[H])CC4=C5=C6(=CC7=CC=CC=C7(=C7=C(C=C4)C5=CC=C7)C=C6)CC(N[H])C(=O)N[CH]2(C=S)C(=O)NC(CC2=CC=C(O)C=C2)C(=O)N3)NCCC(C(=O)NC(C(=O)N[H])C(C)O)NCC(CC)NC1=O
lemborexant_cid56944144,,,lemborexant_cid56944144.png,high,high,0.904196594930621,exact,Lemborexant,Lemborexant,1.0,30,30,exact,exact,Lemborexant,False,False,False,False,1.0,True,True,0,1,,,,Cc1ncc(OC[C@@]2(c3cccc(F)c3)C[C@H]2C(=O)Nc2ccc(F)cn2)c(C)n1
lesinurad_cid53465279,,,lesinurad_cid53465279.png,high,high,0.9145147974344896,exact,Lesinurad,Lesinurad,1.0,24,24,exact,exact,Lesinurad,False,False,False,False,1.0,True,True,0,1,,,,O=C(O)CSc1nnc(Br)n1-c1ccc(C2CC2)c2ccccc12
letermovir_cid45138674,,,letermovir_cid45138674.png,high,high,0.9072352592977732,exact,Letermovir,Letermovir,1.0,41,41,exact,exact,Letermovir,False,False,False,False,1.0,True,True,0,1,,,,COc1cccc(N2CCN(C3=Nc4c(F)cccc4[C@H](CC(=O)O)N3c3cc(C(F)(F)F)ccc3OC)CC2)c1
lithium_bis_trimethylsilyl_amide_cid57426343,,,lithium_bis_trimethylsilyl_amide_cid57426343.png,low,low,0.7460695707727384,wrong,,Lithium bis(trimethylsilyl)amide,0.889,9,10,near,near,,False,False,False,False,0.889,False,False,1,1,,,,[H]N([Si](C)(C)C)[Si](C)(C)C
lithium_diisopropylamide_cid2724682,,,lithium_diisopropylamide_cid2724682.png,low,low,0.3416943684131915,wrong,,Lithium diisopropylamide,0.188,8,8,wrong,wrong,,False,False,False,False,0.188,False,False,0,1,,,,[Li+][N](C(C)C)C(C)C |0|
lonafarnib_cid148195,,,lonafarnib_cid148195.png,high,high,0.8791930005669818,wrong,,Lonafarnib,0.983,36,36,stereo,stereo,Lonafarnib,False,True,False,False,1.0,False,False,1,2,[H],,,[H].[H][C@@]1(C2CCN(C(=O)CC3CCN(C(N)=O)CC3)CC2)c2ncc(Br)cc2CCc2cc(Cl)cc(Br)c21 |^1:0|
lumateperone_cid21302490,,,lumateperone_cid21302490.png,high,high,0.8788207237836275,exact,Lumateperone,Lumateperone,1.0,29,29,exact,exact,Lumateperone,False,False,False,False,1.0,True,True,0,1,,,,[H][C@@]12CN(CCCC(=O)c3ccc(F)cc3)CC[C@]1([H])N1CCN(C)c3cccc2c31
luotonin_a_cid10334120,,,luotonin_a_cid10334120.png,high,high,0.8792655719740302,exact,Luotonin A,Luotonin A,1.0,22,22,exact,exact,Luotonin A,False,False,False,False,1.0,True,True,0,1,,,,O=c1c2ccccc2nc2n1Cc1cc3ccccc3nc1-2
manganese_phthalocyanine_cid6508743,,,manganese_phthalocyanine_cid6508743.png,low,low,0.4890562643617495,invalid,,,,,,invalid,invalid,,False,False,False,False,,False,,,,,,,C1=CC=C2C(=C1)C1=NC2=NC2=C3C=CC=CC3=C(=NC3=NC(N=C4[N-]C(=N1)C1=CC=CC=C14)C1=CC=CC=C13)[N-]2
meglumine_antimoniate_cid64953,,,meglumine_antimoniate_cid64953.png,high,high,0.8460316372258007,wrong,,Meglumine Antimoniate,0.96,17,17,exact,exact,Meglumine Antimoniate,False,True,False,False,1.0,False,False,5,7,[H].[H].[H].[H].[H],,,"[H].[H].[H].[H].[H].[H]OC[C@@H](O)[C@@H](O)[C@H](O)[C@@H](O)CNC.[O]=[Sb](=[O])[OH] |^1:0,1,2,3,4|"
melarsoprol_cid10311,,,melarsoprol_cid10311.png,high,high,0.8791915593934155,wrong,,Melarsoprol,0.604,22,22,wrong,wrong,,False,False,False,False,0.604,False,False,5,5,[HH].[H].[H].[H],,,"Nc1nc(N)nc(Nc2ccc([As]3SC(CO)C[S-]3)cc2)n1.[HH].[H].[H].[H] |^1:18,23,24,25|"
methanol_13c_cid11205710,,,methanol_13c_cid11205710.png,low,low,0.7772362236054067,exact,Methanol-13C,Methanol-13C,1.0,2,2,exact,exact,Methanol-13C,False,False,False,False,1.0,True,True,0,1,,,,[H][13C]([H])([H])O
methyl_magnesium_bromide_cid6349,,,methyl_magnesium_bromide_cid6349.png,low,low,0.8014200267042432,wrong,,Methyl magnesium bromide,0.0,3,3,wrong,wrong,,False,False,False,False,0.0,False,True,0,1,,,,"[H][C-]([H])([H])[Mg+][Br] |4,C:1.3|"
methyl_parathion_cid4130,,,methyl_parathion_cid4130.png,low,low,0.8377470724425317,invalid,,,,,,invalid,invalid,,False,False,False,False,,False,,,,,,,COP(=S)(OC)OC1=CC=C(N(=O)O)C=C1
methylcymantrene_cid25511,,,methylcymantrene_cid25511.png,low,low,0.7665460453948091,wrong,,Methylcymantrene,0.818,12,13,near,near,,False,True,True,False,0.857,False,False,5,5,[HH],C#[O+],,C#[O+].C#[O+].Cc1cc[cH-]c1.[C-]#[O+].[HH]
methyllithium_cid2724049,,,methyllithium_cid2724049.png,low,low,0.6694294784526346,wrong,,Methyllithium,0.0,2,2,wrong,wrong,,False,False,False,False,0.0,False,True,0,1,,,,"[H][C-]([H])([H])[Li+] |4,C:1.3|"
microcystin_lr_cid445434,,,microcystin_lr_cid445434.png,low,low,0.457295924205754,stereo,Microcystin-lr,Microcystin-lr,1.0,71,71,stereo,stereo,Microcystin-lr,False,False,False,False,1.0,True,True,0,1,,,,[H]NC(=NCCC[C@@H]1NC(=O)[C@@H](C)[C@H](C(=O)O)NC(=O)[C@H](CC(C)C)NC(=O)[C@@H](C)NC(=O)C(=C)N(C)C(=O)CC[C@H](C(=O)O)NC(=O)[C@@H](C)[C@H](C=C([H])/C(C)=C(\[H])[C@H](C)[C@@H](Cc2ccccc2)OC)NC1=O)N[H]
mirex_cid16945,,,mirex_cid16945.png,low,low,0.1993352607095433,wrong,,Mirex,0.138,21,22,wrong,wrong,,False,False,False,False,0.138,False,False,6,1,,,,CC1(Cl)C2(Cl)C(Cl)(Cl)C(Cl)C3(Cl)C(Cl)(C(Cl)Cl)C3(Cl)C12Cl
mitapivat_cid59634741,,,mitapivat_cid59634741.png,high,high,0.9022379474695857,exact,Mitapivat,Mitapivat,1.0,32,32,exact,exact,Mitapivat,False,False,False,False,1.0,True,True,0,1,,,,O=C(c1ccc(NS(=O)(=O)c2cccc3cccnc23)cc1)N1CCN(CC2CC2)CC1
momelotinib_cid25062766,,,momelotinib_cid25062766.png,high,high,0.9134256874461819,exact,Momelotinib,Momelotinib,1.0,31,31,exact,exact,Momelotinib,False,False,False,False,1.0,True,True,0,1,,,,N#CCNC(=O)c1ccc(-c2ccnc(Nc3ccc(N4CCOCC4)cc3)n2)cc1
neratinib_cid9915743,,,neratinib_cid9915743.png,high,high,0.8937071873769354,exact,Neratinib,Neratinib,1.0,40,40,exact,exact,Neratinib,False,False,False,False,1.0,True,True,0,1,,,,[H]/C(CN(C)C)=C(/[H])C(=O)Nc1cc2c(Nc3ccc(OCc4ccccn4)c(Cl)c3)c(C#N)cnc2cc1OCC
nickel_tetracarbonyl_cid26039,,,nickel_tetracarbonyl_cid26039.png,low,low,0.7504571655250912,exact,Nickel tetracarbonyl,Nickel tetracarbonyl,1.0,9,9,exact,exact,Nickel tetracarbonyl,False,False,False,False,1.0,True,True,0,5,,[C-]#[O+].[C-]#[O+].[C-]#[O+],,[C-]#[O+].[C-]#[O+].[C-]#[O+].[C-]#[O+].[Ni]
nitramine_cid10178,,,nitramine_cid10178.png,low,low,0.8204854575148696,invalid,,,,,,invalid,invalid,,False,False,False,False,,False,,,,,,,CN(C1=C(N(=O)O)C=C([N+](=O)O)C=C1[N+](=O)O)N(=O)[O-].[O-]
nitrobenzene_d5_cid123210,,,nitrobenzene_d5_cid123210.png,high,high,0.8769004264840325,exact,Nitrobenzene-d5,Nitrobenzene-d5,1.0,9,9,exact,exact,Nitrobenzene-d5,False,False,False,False,1.0,True,True,0,1,,,,[2H]c1c([2H])c([2H])c([N+](=O)[O-])c([2H])c1[2H]
obeticholic_acid_cid447715,,,obeticholic_acid_cid447715.png,low,low,0.007337736692943036,invalid,,,,,,invalid,invalid,,False,False,False,False,,False,,,,,,,[H]OC1[CH]2(CC)C34567[H]C289%10([H]3)C4[CH]23(O)CC4C58%11%12%13%14%15CC469%115(C%12)(C%13CC(O2)C37%10)C%14234[H]C2%1556([H])C3CC2(C)C([H])(C(C)CCC(=O)O)CCC2([H])C146[H]
octogen_cid17596,,,octogen_cid17596.png,high,low,0.8491221852180784,invalid,,,,,,invalid,invalid,,False,False,False,False,,False,,,,,,,O=N([O-])N1CN([N+](=O)[O-])CN([N+](=O)[O-])CN([N+](=O)[O-])C1
oliceridine_cid66553195,,,oliceridine_cid66553195.png,high,high,0.8922488558393727,exact,Oliceridine,Oliceridine,1.0,27,27,exact,exact,Oliceridine,False,False,False,False,1.0,True,True,0,1,,,,COc1ccsc1CNCC[C@@]1(c2ccccn2)CCOC2(CCCC2)C1
ombitasvir_cid54767916,,,ombitasvir_cid54767916.png,high,high,0.8924290868759838,stereo,Ombitasvir,Ombitasvir,1.0,65,65,stereo,stereo,Ombitasvir,False,False,False,False,1.0,True,True,0,1,,,,COC(=O)N[C@@H](C(=O)N1CCC[C@H]1C(=O)Nc1ccc([C@@H]2CC[C@@H](c3ccc(NC(=O)[C@@H]4CCCN4C(=O)[C@H](NC(=O)OC)C(C)C)cc3)N2c2ccc(C(C)(C)C)cc2)cc1)C(C)C
ornipressin_cid14257660,,,ornipressin_cid14257660.png,low,low,1.015769541108823e-07,invalid,,,,,,invalid,invalid,,False,False,False,False,,False,,,,,,,CCC(NC[CH]N(CC)C(=O)C1CSSCC2345(N)(C(=O)N6C7CC89%10%11=CC%12%13=C%14%15%16(O)=C%17=C%12(O%14)C=%15(=C8C(=C=9%17%13)C%10C76)=C%11=C%16)CSC2C326(N)(C3=CC=CC7[CH]89C([CH]%10(CC(C(N)=O)NC(CC%11=CC=C(O)C=C%11)C(=O)N%10)C(=O)NC(CCC(N)=O)C(=O)NC(CC(N)=O)C(=O)N1)[CH]37(C82)N9C64=O)C5SS)C(=O)NCC(N)=O
osilodrostat_cid44139752,,,osilodrostat_cid44139752.png,high,high,0.887359497323174,exact,Osilodrostat,Osilodrostat,1.0,17,17,exact,exact,Osilodrostat,False,False,False,False,1.0,True,True,0,1,,,,N#Cc1ccc([C@H]2CCc3cncn32)c(F)c1
oteseconazole_cid77050711,,,oteseconazole_cid77050711.png,high,high,0.9076496125772032,exact,Oteseconazole,Oteseconazole,1.0,37,37,exact,exact,Oteseconazole,False,False,False,False,1.0,True,True,0,1,,,,O[C@@](Cn1cnnn1)(c1ccc(F)cc1F)C(F)(F)c1ccc(-c2ccc(OCC(F)(F)F)cc2)cn1
ozanimod_cid52938427,,,ozanimod_cid52938427.png,high,high,0.8949344781277527,exact,Ozanimod,Ozanimod,1.0,30,30,exact,exact,Ozanimod,False,False,False,False,1.0,True,True,0,1,,,,[H]N(CCO)[C@H]1CCc2c(-c3noc(-c4ccc(OC(C)C)c(C#N)c4)n3)cccc21
pacritinib_cid46216796,,,pacritinib_cid46216796.png,high,high,0.8777667726043282,exact,Pacritinib,Pacritinib,1.0,35,35,exact,exact,Pacritinib,False,False,False,False,1.0,True,True,0,1,,,,[H]/C1=C(\[H])COCc2cc(ccc2OCCN2CCCC2)Nc2nccc(n2)-c2cccc(c2)COC1
palmatine_cid19009,,,palmatine_cid19009.png,high,high,0.8751012411726572,exact,Palmatine,Palmatine,1.0,26,26,exact,exact,Palmatine,False,False,False,False,1.0,True,True,0,1,,,,COc1cc2c(cc1OC)-c1cc3ccc(OC)c(OC)c3c[n+]1CC2
palovarotene_cid10295295,,,palovarotene_cid10295295.png,high,high,0.9083291647357246,exact,Palovarotene,Palovarotene,1.0,31,31,exact,exact,Palovarotene,False,False,False,False,1.0,True,True,0,1,,,,[H]/C(=C(/[H])c1cc2c(cc1Cn1cccn1)C(C)(C)CCC2(C)C)c1ccc(C(=O)O)cc1
paritaprevir_cid45110509,,,paritaprevir_cid45110509.png,high,high,0.8865752522158353,stereo,Paritaprevir,Paritaprevir,1.0,55,55,stereo,stereo,Paritaprevir,False,False,False,False,1.0,True,True,0,1,,,,[H]/C1=C(\[H])[C@@]2([H])C[C@@]2(C(=O)NS(=O)(=O)C2CC2)NC(=O)[C@@]2([H])C[C@@H](Oc3nc4ccccc4c4ccccc34)CN2C(=O)[C@@H](NC(=O)c2cnc(C)cn2)CCCCC1
pentachlorophenol_cid992,,,pentachlorophenol_cid992.png,high,high,0.8791222229296506,wrong,,Pentachlorophenol,0.909,12,12,exact,exact,Pentachlorophenol,False,True,False,False,1.0,False,False,2,2,[HH],,,Oc1c(Cl)c(Cl)c(Cl)c(Cl)c1Cl.[HH]
pentaerythritol_tetranitrate_cid6518,,,pentaerythritol_tetranitrate_cid6518.png,high,low,0.8448500905073482,invalid,,,,,,invalid,invalid,,False,False,False,False,,False,,,,,,,O=N([O-])OCC(CON(=O)[O-])(CO[N+](=O)[O-])CO[N+](=O)[O-]
perfluorooctane_cid9387,,,perfluorooctane_cid9387.png,low,low,0.8420179016848041,exact,Perfluorooctane,Perfluorooctane,1.0,26,26,exact,exact,Perfluorooctane,False,False,False,False,1.0,True,True,0,1,,,,FC(F)(F)C(F)(F)C(F)(F)C(F)(F)C(F)(F)C(F)(F)C(F)(F)C(F)(F)F
perfluorooctanesulfonamide_cid69785,,,perfluorooctanesulfonamide_cid69785.png,low,low,0.8274669145093387,wrong,,Perfluorooctanesulfonamide,0.947,29,29,exact,exact,Perfluorooctanesulfonamide,False,True,False,False,1.0,False,False,2,3,[H].[H],,,"NS(=O)(=O)C(F)(F)C(F)(F)C(F)(F)C(F)(F)C(F)(F)C(F)(F)C(F)(F)C(F)(F)F.[H].[H] |^1:29,30|"
perifosine_cid148177,,,perifosine_cid148177.png,low,low,0.8279054630407644,wrong,,Perifosine,0.37,33,31,wrong,wrong,,False,False,False,False,0.37,False,False,15,7,,O.O.O,,CCCCCCCCCCCCCCCCCCO.C[N+]1(C)CCC(O)CC1.O.O.O.O.P
phenazine_cid4757,,,phenazine_cid4757.png,high,high,0.8974384854439934,exact,Phenazine,Phenazine,1.0,14,14,exact,exact,Phenazine,False,False,False,False,1.0,True,True,0,1,,,,c1ccc2nc3ccccc3nc2c1
phenol_d6_cid123295,,,phenol_d6_cid123295.png,high,high,0.8636589108116214,exact,Phenol-d6,Phenol-d6,1.0,7,7,exact,exact,Phenol-d6,False,False,False,False,1.0,True,True,0,1,,,,[2H]Oc1c([2H])c([2H])c([2H])c([2H])c1[2H]
phenothiazine_cid7108,,,phenothiazine_cid7108.png,high,high,0.884344770406569,wrong,,Phenothiazine,0.417,14,14,wrong,wrong,,False,False,False,False,0.417,False,False,0,1,,,,c1ccc2c(c1)Nc1ccccc1[S-]2 |^1:13|
phenoxazine_cid67278,,,phenoxazine_cid67278.png,high,high,0.8914713913696979,exact,Phenoxazine,Phenoxazine,1.0,14,14,exact,exact,Phenoxazine,False,False,False,False,1.0,True,True,0,1,,,,c1ccc2c(c1)Nc1ccccc1O2
pheophorbide_a_cid253193,,,pheophorbide_a_cid253193.png,high,high,0.8558108886783201,stereo,Pheophorbide a,Pheophorbide a,1.0,44,44,stereo,stereo,Pheophorbide a,False,False,False,False,1.0,True,True,0,1,,,,C=CC1=C(C)C2=N/C1=C\C1=N/C(=C\C3=C(C)C4=C(O)[C@H](C(=O)OC)/C(=C5/N/C(=C\2)[C@@H](C)[C@@H]5CCC(=O)O)C4=N3)C(CC)=C1C
phosphocreatine_cid9548602,,,phosphocreatine_cid9548602.png,high,high,0.8475407909212245,exact,Phosphocreatine,Phosphocreatine,1.0,13,13,exact,exact,Phosphocreatine,False,False,False,False,1.0,True,True,0,1,,,,[H]N/C(=N\P(=O)(O[H])O[H])N(C)CC(=O)O[H]
phosphoenolpyruvate_cid1005,,,phosphoenolpyruvate_cid1005.png,high,high,0.888578625144278,exact,Phosphoenolpyruvate,Phosphoenolpyruvate,1.0,10,10,exact,exact,Phosphoenolpyruvate,False,False,False,False,1.0,True,True,0,1,,,,[H]OC(=O)C(=C)OP(=O)(O[H])O[H]
phytate_cid890,,,phytate_cid890.png,low,low,0.8316442596495878,wrong,,Phytate,0.929,36,36,exact,exact,Phytate,False,True,False,False,1.0,False,False,5,6,[H].[H].[H].[H].[H],,,"[H].[H].[H].[H].[H].[H]OP(=O)(O)OC1C(OP(=O)(O)O)C(OP(=O)(O[H])O[H])C(OP(=O)(O)O[H])C(OP(=O)(O[H])O[H])C1OP(=O)(O)O[H] |^1:0,1,2,3,4|"
picoplatin_cid177358,,,picoplatin_cid177358.png,high,high,0.8925623089121547,wrong,,Picoplatin,0.895,10,11,near,near,,False,False,False,False,0.895,False,False,1,4,,,,Cc1ccccn1.[Cl-].[H]N([H])[H].[Pt+4]
pimavanserin_cid10071196,,,pimavanserin_cid10071196.png,high,high,0.917858693289887,exact,Pimavanserin,Pimavanserin,1.0,31,31,exact,exact,Pimavanserin,False,False,False,False,1.0,True,True,0,1,,,,CC(C)COc1ccc(CNC(=O)N(Cc2ccc(F)cc2)C2CCN(C)CC2)cc1
pimecrolimus_cid6509979,,,pimecrolimus_cid6509979.png,low,low,0.05718665395148632,invalid,,,,,,invalid,invalid,,False,False,False,False,,False,,,,,,,[H]C(=C(C)C1OC(=O)C2([H])CCCCN2C(=O)C(=O)C2(O)OC([H])(C(OC)CC(C)CC(C)=C([H])[CH]3(CC)(C(=O)CC(O)C1C)C(=O)(CC(O)[CH]C)[CH]C3([H])=C(C)CC(C)CC(OC)C13OC(C=O)(O1)C(C)CC3OC)C(OC)CC2C)C1CCC(Cl)C(OC)C1
pirtobrutinib_cid129269915,,,pirtobrutinib_cid129269915.png,high,high,0.8830757064296246,wrong,,Pirtobrutinib,0.984,34,34,exact,exact,Pirtobrutinib,False,True,False,False,1.0,False,False,4,5,[H].[H].[H].[H],,,"COc1ccc(F)cc1C(=O)NCc1ccc(-c2nn([C@@H](C)C(F)(F)F)c(N)c2C(N)=O)cc1.[H].[H].[H].[H] |^1:34,35,36,37|"
plitidepsin_cid9812534,,,plitidepsin_cid9812534.png,low,low,0.0006829358206624375,invalid,,,,,,invalid,invalid,,False,False,False,False,,False,,,,,,,[H]N1C(=O)[CH]2(C[CH]N(C)C(=O)C3456C(=O)C([H])(N3(C(C)(C)C)C3(=O)C(CC(C)C)NC(=O)C3C)C4([H])(C)C13(C(CC)C1(CC(=O)O[CH]C(=O)N5C(C)(C)C)C3C1(C)C)C6([H])C)N(C(=O)C(CC(C)C)N(C)C(=O)C1CCCN1C(=O)C(C)=O)C2(C)=O
ponatinib_cid24826799,,,ponatinib_cid24826799.png,high,high,0.8858624646310228,exact,Ponatinib,Ponatinib,1.0,39,39,exact,exact,Ponatinib,False,False,False,False,1.0,True,True,0,1,,,,Cc1ccc(C(=O)Nc2ccc(CN3CCN(C)CC3)c(C(F)(F)F)c2)cc1C#Cc1cnc2cccnn12
potassium_ferrocyanide_cid9605257,,,potassium_ferrocyanide_cid9605257.png,low,low,0.01561229429781924,invalid,,,,,,invalid,invalid,,False,False,False,False,,False,,,,,,,N#[C-][Fe+]1([C-]#N)([C-]#N)([C-]#N)[C-]([N-])[C-]1#N.[K+].[K+].[K+]
potassium_hexachloroplatinate_iv_cid61856,,,potassium_hexachloroplatinate_iv_cid61856.png,high,high,0.8706479074125419,wrong,,Potassium hexachloroplatinate(IV),0.25,9,9,wrong,wrong,,False,False,False,False,0.25,False,False,0,3,,[K+],,[Cl][Pt]([Cl])([Cl])([Cl])([Cl])[Cl].[K+].[K+]
procyanidin_b2_cid122738,,,procyanidin_b2_cid122738.png,low,low,0.8353523835884319,wrong,,Procyanidin B2,1.0,42,42,exact,exact,Procyanidin B2,False,True,False,False,1.0,False,False,11,12,[H].[H].[H].[H].[H].[H].[H].[H].[H].[H].[H],,,"[H].[H].[H].[H].[H].[H].[H].[H].[H].[H].[H].[H][C@]1(c2c(O)cc(O)c3c2O[C@H](c2ccc(O)c(O)c2)[C@H](O)C3)c2c(O)cc(O)cc2O[C@H](c2ccc(O)c(O)c2)[C@@H]1O |^1:0,1,2,3,4,5,6,7,8,9,10|"
protoporphyrin_ix_cid4971,,,protoporphyrin_ix_cid4971.png,high,high,0.8631734184861825,exact,protoporphyrin IX,protoporphyrin IX,1.0,42,42,exact,exact,protoporphyrin IX,False,False,False,False,1.0,True,True,0,1,,,,C=Cc1c(C)c2cc3[nH]c(cc4nc(cc5nc(cc1[nH]2)C(C)=C5CCC(=O)O)C(CCC(=O)O)=C4C)c(C)c3C=C
prulifloxacin_cid65947,,,prulifloxacin_cid65947.png,high,high,0.8981001405693985,exact,Prulifloxacin,Prulifloxacin,1.0,32,32,exact,exact,Prulifloxacin,False,False,False,False,1.0,True,True,0,1,,,,Cc1oc(=O)oc1CN1CCN(c2cc3c(cc2F)c(=O)c(C(=O)O)c2n3C(C)S2)CC1
punicalagin_cid16129719,,,punicalagin_cid16129719.png,low,low,6.420749845981967e-10,invalid,,,,,,invalid,invalid,,False,False,False,False,,False,,,,,,,[H]C(=O)C12OC3(=O)(=O)=O=C45OCC6789%10%11=C%12(O)C%13(O)=C(O)C%14(=O)OC1([H])C(OCC=CC(O)=C(O)C(O)=C1C(O)=C(O)C%15%16OCC%17%18%19%20%21=C%22%23%24=C%25(O)=C%17%26(=C=%22(O)C%25(O)=C%17%22%25OC(=O)C1%27=C%151%28C=%18%17%15%29C=%27%16%17C=%19%221%16C=%26=%20%23%15C=%21%25%28%17%29%16)C%241=C(O)C(O)=C(O)C=C1C(=O)OC)C2([H])OC12=C%15%16%17%18=C%12%19%20(O%13)C=6%12%13=C6(O)=C%19%21(O%15)(O%16)C%17%15=C=1=7%16%17=C=%121(=C=86%20(O)O%13)(C967C4C1%104=C6(O)C(O)=C(O)C=C5743)C=%16%14%152%11=C%21%18%17.[H]C=O
purine_cid1044,,,purine_cid1044.png,high,high,0.870318915923344,exact,Purine,Purine,1.0,9,9,exact,exact,Purine,False,False,False,False,1.0,True,True,0,1,,,,[H]n1cnc2ncncc21
pyridine_d5_cid558519,,,pyridine_d5_cid558519.png,high,high,0.907504169478723,exact,Pyridine-D5,Pyridine-D5,1.0,6,6,exact,exact,Pyridine-D5,False,False,False,False,1.0,True,True,0,1,,,,[2H]c1nc([2H])c([2H])c([2H])c1[2H]
quinazoline_cid9210,,,quinazoline_cid9210.png,high,high,0.887262522015481,exact,Quinazoline,Quinazoline,1.0,10,10,exact,exact,Quinazoline,False,False,False,False,1.0,True,True,0,1,,,,c1ccc2ncncc2c1
quinoxaline_cid7045,,,quinoxaline_cid7045.png,high,high,0.8476085529347447,exact,Quinoxaline,Quinoxaline,1.0,10,10,exact,exact,Quinoxaline,False,False,False,False,1.0,True,True,0,1,,,,c1ccc2nccnc2c1
quizartinib_cid24889392,,,quizartinib_cid24889392.png,high,high,0.899340862183155,exact,Quizartinib,Quizartinib,1.0,40,40,exact,exact,Quizartinib,False,False,False,False,1.0,True,True,0,1,,,,CC(C)(C)c1cc(NC(=O)Nc2ccc(-c3cn4c(n3)sc3cc(OCCN5CCOCC5)ccc34)cc2)no1
relugolix_cid10348973,,,relugolix_cid10348973.png,high,high,0.9088681469475569,exact,Relugolix,Relugolix,1.0,44,44,exact,exact,Relugolix,False,False,False,False,1.0,True,True,0,1,,,,CONC(=O)Nc1ccc(-c2sc3c(c2CN(C)C)c(=O)n(-c2ccc(OC)nn2)c(=O)n3Cc2c(F)cccc2F)cc1
repotrectinib_cid135565923,,,repotrectinib_cid135565923.png,high,high,0.8704555239821972,exact,Repotrectinib,Repotrectinib,1.0,26,26,exact,exact,Repotrectinib,False,False,False,False,1.0,True,True,0,1,,,,C[C@H]1CNC(=O)c2cnn3ccc(nc23)N[C@H](C)c2cc(F)ccc2O1
resmetirom_cid15981237,,,resmetirom_cid15981237.png,high,high,0.8915411787170227,wrong,,Resmetirom,0.981,29,29,exact,exact,Resmetirom,False,True,False,False,1.0,False,False,2,3,[H].[H],,,"CC(C)c1cc(Oc2c(Cl)cc(-n3nc(C#N)c(=O)[nH]c3=O)cc2Cl)n[nH]c1=O.[H].[H] |^1:29,30|"
ribociclib_cid44631912,,,ribociclib_cid44631912.png,high,high,0.9013963033187735,exact,Ribociclib,Ribociclib,1.0,32,32,exact,exact,Ribociclib,False,False,False,False,1.0,True,True,0,1,,,,CN(C)C(=O)c1cc2cnc(Nc3ccc(N4CCNCC4)cn3)nc2n1C1CCCC1
risdiplam_cid118513932,,,risdiplam_cid118513932.png,high,high,0.9048234649652278,exact,Risdiplam,Risdiplam,1.0,30,30,exact,exact,Risdiplam,False,False,False,False,1.0,True,True,0,1,,,,Cc1cn2nc(-c3cc(=O)n4cc(N5CCNC6(CC6)C5)ccc4n3)cc(C)c2n1
ritlecitinib_cid118115473,,,ritlecitinib_cid118115473.png,high,high,0.8913337205732311,exact,Ritlecitinib,Ritlecitinib,1.0,21,21,exact,exact,Ritlecitinib,False,False,False,False,1.0,True,True,0,1,,,,C=CC(=O)N1C[C@H](Nc2ncnc3[nH]ccc23)CC[C@@H]1C
sacubitril_cid9811834,,,sacubitril_cid9811834.png,high,high,0.8473640711448723,exact,Sacubitril,Sacubitril,1.0,30,30,exact,exact,Sacubitril,False,False,False,False,1.0,True,True,0,1,,,,CCOC(=O)[C@H](C)C[C@@H](Cc1ccc(-c2ccccc2)cc1)NC(=O)CCC(=O)O
safinamide_cid131682,,,safinamide_cid131682.png,high,high,0.8717607562902182,wrong,,Safinamide,0.977,22,22,exact,exact,Safinamide,False,True,False,False,1.0,False,False,6,4,[HH].[HH].[HH],,,C[C@H](NCc1ccc(OCc2cccc(F)c2)cc1)C(N)=O.[HH].[HH].[HH]
satraplatin_cid123974,,,satraplatin_cid123974.png,high,high,0.8644107337148821,wrong,,Satraplatin,0.913,18,19,near,near,,False,False,False,False,0.913,False,False,5,10,[H].[H].[H].[H],CC(=O)[O-].[Cl-],,"CC(=O)[O-].CC(=O)[O-].NC1CCCCC1.[Cl-].[Cl-].[H].[H].[H].[H].[H]N[H] |^1:17,18,19,20|"
seladelpar_cid11236126,,,seladelpar_cid11236126.png,high,high,0.8959626088232417,exact,Seladelpar,Seladelpar,1.0,30,30,exact,exact,Seladelpar,False,False,False,False,1.0,True,True,0,1,,,,CCO[C@H](COc1ccc(C(F)(F)F)cc1)CSc1ccc(OCC(=O)O)c(C)c1
selinexor_cid71481097,,,selinexor_cid71481097.png,high,high,0.8952250619984611,exact,Selinexor,Selinexor,1.0,31,31,exact,exact,Selinexor,False,False,False,False,1.0,True,True,0,1,,,,[H]/C(C(=O)NNc1cnccn1)=C(\[H])n1cnc(-c2cc(C(F)(F)F)cc(C(F)(F)F)c2)n1
selpercatinib_cid134436906,,,selpercatinib_cid134436906.png,low,low,0.8122452373319632,exact,Selpercatinib,Selpercatinib,1.0,39,39,exact,exact,Selpercatinib,False,False,False,False,1.0,True,True,0,1,,,,[H]C12CC(CN(c3ccc(-c4cc(OCC(C)(C)O)cn5ncc(C#N)c45)cn3)C1)N2Cc1ccc(OC)nc1
sempervirine_cid168919,,,sempervirine_cid168919.png,high,high,0.8894299879756308,exact,Sempervirine,Sempervirine,1.0,21,21,exact,exact,Sempervirine,False,False,False,False,1.0,True,True,0,1,,,,c1ccc2c3ccn4cc5c(cc4c-3nc2c1)CCCC5
silver_i_trifluoromethanesulfonate_cid76223,,,silver_i_trifluoromethanesulfonate_cid76223.png,low,low,0.7167464411760653,wrong,,Silver(I) trifluoromethanesulfonate,0.35,9,9,wrong,wrong,,False,False,False,False,0.35,False,True,0,1,,,,O=S(=O)([O-][Ag+])C(F)(F)F |C:3.3|
sincalide_cid9833444,,,sincalide_cid9833444.png,low,low,0.01956580531103876,invalid,,,,,,invalid,invalid,,False,False,False,False,,False,,,,,,,O.O.O.[H]NC([H])(CC(=O)O)C(=O)NC(CC1=CC=C(O[SH]O)C=C1)C(=O)NC(CCSC)C(=O)NCC(=O)NC(CC1=CNC2=CC=CC=C12)C(=O)(=O)NC(CCSC)C(=O)NC(CC(=O)O)C(=O)NC([H])(CC1=CC=CC=C1)C(N)=O
siponimod_cid44599207,,,siponimod_cid44599207.png,high,high,0.9002039037156928,wrong,,Siponimod,0.985,37,37,exact,exact,Siponimod,False,True,False,False,1.0,False,False,1,2,[H],,,CCc1cc(/C(C)=N/OCc2ccc(C3CCCCC3)c(C(F)(F)F)c2)ccc1CN1CC(C(=O)O)C1.[H] |^1:37|
sodium_borohydride_cid4311764,,,sodium_borohydride_cid4311764.png,low,low,0.8314920452552518,exact,Sodium borohydride,Sodium borohydride,1.0,2,2,exact,exact,Sodium borohydride,False,False,False,False,1.0,True,True,0,2,,,,[H][B-]([H])([H])[H].[Na+]
sodium_stibogluconate_inn_ban_dcf_cid16683012,,,sodium_stibogluconate_inn_ban_dcf_cid16683012.png,low,low,0.002195518794284736,invalid,,,,,,invalid,invalid,,False,False,False,False,,False,,,,,,,[H].[H].[H].[H].[H].[H].[H].[H].[H].[H].[H].[H].[H].[H].[H]C(O)(C(O)CO)C(O)C(O)C(=O)[O-].[H]C12([O][Sb][O][Sb])[H](O)C3OC(O)[CH]31(O)C1([H])([O][Sb][O][Sb])C(O)[CH](O)(C(=O)[O-])C(=O)([O-])C(O)[CH]21O.[H][O][Sb].[Na+].[Na+].[Na+].[OH3+].[OH3+].[OH3+].[OH3+]
sodium_tetraborate_cid10219853,,,sodium_tetraborate_cid10219853.png,low,low,0.2244009778112946,invalid,,,,,,invalid,invalid,,False,False,False,False,,False,,,,,,,[Na+].[O-]B1OB234OBOB5O1B([O-])(OB(O2)O53)O4
sodium_triacetoxyborohydride_cid5049666,,,sodium_triacetoxyborohydride_cid5049666.png,low,low,0.7718285761393576,invalid,,,,,,invalid,invalid,,False,False,False,False,,False,,,,,,,CC(=O)O[B]([Na+])(OC(C)=O)(OC(C)=O)OC(C)=O
solriamfetol_cid10130337,,,solriamfetol_cid10130337.png,high,high,0.9000233401167308,exact,Solriamfetol,Solriamfetol,1.0,14,14,exact,exact,Solriamfetol,False,False,False,False,1.0,True,True,0,1,,,,[H]NC(=O)OC[C@@H](Cc1ccccc1)N[H]
sonidegib_cid24775005,,,sonidegib_cid24775005.png,high,high,0.91772120413712,exact,Sonidegib,Sonidegib,1.0,35,35,exact,exact,Sonidegib,False,False,False,False,1.0,True,True,0,1,,,,Cc1c(C(=O)Nc2ccc(N3C[C@@H](C)O[C@@H](C)C3)nc2)cccc1-c1ccc(OC(F)(F)F)cc1
sparteine_cid644020,,,sparteine_cid644020.png,low,low,0.2831068686775631,invalid,,,,,,invalid,invalid,,False,False,False,False,,False,,,,,,,[H]C12CCCCN1CC1([H])CC23([H])CN2CCCCC213[H]
spiperone_cid5265,,,spiperone_cid5265.png,high,high,0.8680814356020214,wrong,,Spiperone,0.98,29,29,exact,exact,Spiperone,False,True,False,False,1.0,False,False,1,2,[H],,,O=C(CCCN1CCC2(CC1)C(=O)NCN2c1ccccc1)c1ccc(F)cc1.[H] |^1:29|
taniborbactam_cid76902493,,,taniborbactam_cid76902493.png,high,high,0.8777555547331857,wrong,,Taniborbactam,0.982,28,28,exact,exact,Taniborbactam,False,True,False,False,1.0,False,False,4,5,[H].[H].[H].[H],,,"[H].[H].[H].[H].[H]OC(=O)c1cccc2c1OB(O)[C@@H](NC(=O)CC1CCC(NCCN)CC1)C2 |^1:0,1,2,3|"
tapinarof_cid6439522,,,tapinarof_cid6439522.png,high,high,0.8988590734325961,wrong,,Tapinarof,0.963,19,19,exact,exact,Tapinarof,False,True,False,False,1.0,False,False,1,2,[H],,,[H].[H]/C(=C(/[H])c1cc(O)c(C(C)C)c(O)c1)c1ccccc1 |^1:0|
tartrazine_cid164825,,,tartrazine_cid164825.png,high,high,0.9009816857991484,wrong,,Tartrazine,1.0,33,34,salt,salt,Tartrazine,False,False,False,False,1.0,False,False,1,3,,[Na+],,O=C([O-])C1=NN(c2ccc(S(=O)(=O)[O-])cc2)C(=O)C1/N=N/c1ccc(S(=O)(=O)[O-])cc1.[Na+].[Na+]
tatb_cid18286,,,tatb_cid18286.png,low,low,0.8277394933493434,exact,Tatb,Tatb,1.0,18,18,exact,exact,Tatb,False,False,False,False,1.0,True,True,0,1,,,,[H]Nc1c([N+](=O)[O-])c(N[H])c([N+](=O)[O-])c(N[H])c1[N+](=O)[O-]
tavaborole_cid11499245,,,tavaborole_cid11499245.png,low,low,0.6864811643877231,exact,Tavaborole,Tavaborole,1.0,11,11,exact,exact,Tavaborole,False,False,False,False,1.0,True,True,0,1,,,,OB1OCc2cc(F)ccc21
telaprevir_cid3010818,,,telaprevir_cid3010818.png,low,low,0.6940368323190085,stereo,Telaprevir,Telaprevir,1.0,49,49,stereo,stereo,Telaprevir,False,False,False,False,1.0,True,True,0,1,,,,[H][C@]12CCC[C@@]1([H])[C@@H](C(=O)N[C@@H](CCC)C(=O)C(=O)NC1CC1)N(C(=O)[C@@H](NC(=O)[C@@H](NC(=O)c1cnccn1)C1CCCCC1)C(C)(C)C)C2
tepotinib_cid25171648,,,tepotinib_cid25171648.png,high,high,0.9062418390773246,exact,Tepotinib,Tepotinib,1.0,37,37,exact,exact,Tepotinib,False,False,False,False,1.0,True,True,0,1,,,,CN1CCC(COc2cnc(-c3cccc(Cn4nc(-c5cccc(C#N)c5)ccc4=O)c3)nc2)CC1
tert_butyllithium_cid53628101,,,tert_butyllithium_cid53628101.png,low,low,0.7998008014429956,wrong,,Tert-Butyllithium,0.125,4,5,wrong,wrong,,False,False,False,False,0.125,False,False,2,1,,,,CC(C)C
tetrakis_triphenylphosphine_palladium_cid11979704,,,tetrakis_triphenylphosphine_palladium_cid11979704.png,high,high,0.8827623027408723,exact,Tetrakis(triphenylphosphine)palladium,Tetrakis(triphenylphosphine)palladium,1.0,77,77,exact,exact,Tetrakis(triphenylphosphine)palladium,False,False,False,False,1.0,True,True,0,5,,c1ccc(P(c2ccccc2)c2ccccc2)cc1.c1ccc(P(c2ccccc2)c2ccccc2)cc1.c1ccc(P(c2ccccc2)c2ccccc2)cc1,,[Pd].c1ccc(P(c2ccccc2)c2ccccc2)cc1.c1ccc(P(c2ccccc2)c2ccccc2)cc1.c1ccc(P(c2ccccc2)c2ccccc2)cc1.c1ccc(P(c2ccccc2)c2ccccc2)cc1
theaflavin_cid135403798,,,theaflavin_cid135403798.png,low,low,0.8405707173212322,wrong,,Theaflavin,1.0,41,41,exact,exact,Theaflavin,False,True,False,False,1.0,False,False,2,3,[H].[H],,,"[H].[H].[H]Oc1cc(O[H])c2c(c1)O[C@]([H])(c1cc(O)c(O)c3c(=O)c(O[H])cc([C@H]4Oc5cc(O)cc(O[H])c5C[C@H]4O[H])cc13)[C@H](O[H])C2 |^1:0,1|"
thiostrepton_cid16129666,,,thiostrepton_cid16129666.png,low,low,5.669962188550753e-44,invalid,,,,,,invalid,invalid,,False,False,False,False,,False,,,,,,,C=C1=C23456789%10%11%12=C%13%14%15=C2%16(C)=C=32%17%18C43%19%20%21%22=C=54%23%24=C1265%25%26%27C=7312=C=4%13367%28(C)=C%1984C%141%238%13(C)(=C3OC=C13=C%14%19%23%29%30%31%32%33%34%35(C)=C%36%37%38%39%40%41%42=C%43C%44=C(CC86(OC)=CC6(C)=COC=6=%368=C=%37%146%36%45=C8%19%14C16%388%19%37%46C%231C6%23%38%47=C%368%29%48C8N(C)C%29(C)(CC(CC(C)C)N(C)C(=O)NC%36=C=%39%49%50C6%30%39C%49%40%316%30=C=%41%19%32C=%33%36813%39%14%50%486%45%37%42C%23%30%46%34)CC%29%38C%47)C%4413(=C6C8%14=C61%19=C816=C%14%19C=18C=61%14C6%19=C%23%29%30%31=C61%32C8%19%14%231=C68%14%19=C%291%23C61%29%33=C6C1%34(C%298(C)C6%341=CC=C=1C=C%30)C=%31%23%32%33%14C%19)O%43C31CC1=C%35)=C=7=9%205=C=2%16%15%17%25%1013=C=%21=%13=%28=%11%26C=%24=1=%124%18%22%27C3
tovorafenib_cid25161177,,,tovorafenib_cid25161177.png,low,low,0.83748448653463,wrong,,Tovorafenib,0.983,32,32,exact,exact,Tovorafenib,False,True,False,False,1.0,False,False,2,3,[H].[H],,,"[H].[H].[H]N(C(=O)c1ncnc(N)c1Cl)[C@H](C)c1ncc(C(=O)Nc2cc(C(F)(F)F)c(Cl)cn2)s1 |^1:0,1|"
trabectedin_cid108150,,,trabectedin_cid108150.png,low,low,0.0001575063957886203,invalid,,,,,,invalid,invalid,,False,False,False,False,,False,,,,,,,[H]OC1=C(OC)C(C)=CC2=C1C1345([H])C6C[C]178([Er])N1C([H])C9=C%10OCOC%10=C(C)C(OC(C)=O)=C9C7([H])SC7N39CC3%10C%11=CC(O)=C(OC)C(=C%11CN4C(=O)C1O[H])=C1(=CC(OC)=C(O)C=C31)C%105([H])(C2)C7698[H]
triethyl_phosphite_cid31215,,,triethyl_phosphite_cid31215.png,high,high,0.8604478463230385,exact,Triethyl phosphite,Triethyl phosphite,1.0,10,10,exact,exact,Triethyl phosphite,False,False,False,False,1.0,True,True,0,1,,,,CCOP(OCC)OCC
trifluoroacetic_acid_d_cid71502,,,trifluoroacetic_acid_d_cid71502.png,low,low,0.8123499186264802,exact,Trifluoroacetic acid-d,Trifluoroacetic acid-d,1.0,7,7,exact,exact,Trifluoroacetic acid-d,False,False,False,False,1.0,True,True,0,1,,,,[2H]OC(=O)C(F)(F)F
trimethyl_borate_cid8470,,,trimethyl_borate_cid8470.png,low,low,0.8375598295141531,exact,Trimethyl borate,Trimethyl borate,1.0,7,7,exact,exact,Trimethyl borate,False,False,False,False,1.0,True,True,0,1,,,,COB(OC)OC
trimethyl_phosphate_cid10541,,,trimethyl_phosphate_cid10541.png,low,low,0.7941469636395508,exact,Trimethyl Phosphate,Trimethyl Phosphate,1.0,8,8,exact,exact,Trimethyl Phosphate,False,False,False,False,1.0,True,True,0,1,,,,COP(=O)(OC)OC
triphenyl_phosphate_cid8289,,,triphenyl_phosphate_cid8289.png,high,high,0.8627863621401919,exact,Triphenyl Phosphate,Triphenyl Phosphate,1.0,23,23,exact,exact,Triphenyl Phosphate,False,False,False,False,1.0,True,True,0,1,,,,O=P(Oc1ccccc1)(Oc1ccccc1)Oc1ccccc1
triphenyltin_chloride_cid12540,,,triphenyltin_chloride_cid12540.png,high,high,0.8928546443487139,exact,Triphenyltin Chloride,Triphenyltin Chloride,1.0,20,20,exact,exact,Triphenyltin Chloride,False,False,False,False,1.0,True,True,0,1,,,,[Cl][Sn]([c]1ccccc1)([c]1ccccc1)[c]1ccccc1
triptorelin_cid25074470,,,triptorelin_cid25074470.png,low,low,0.05952336069696427,invalid,,,,,,invalid,invalid,,False,False,False,False,,False,,,,,,,[H]NC(=NCCCC(NC(=O)[CH]1(NC(=O)C(CC2=CNCC2)NC(=O)(=O)C(CC2=CC=C(O)C=C2)NC(=O)C(CO)NC(=O)C(CC2=CNC3=CC=CC=C23)NCC(CC2=CN=CN2)NC(=O)C2CCC(=O)N2)CC2(C)CC(C)C21)C(=O)N1CCCC1C(=O)NCC(=O)N([H])[H])N[H]
tucatinib_cid51039094,,,tucatinib_cid51039094.png,high,high,0.9172462400830368,exact,Tucatinib,Tucatinib,1.0,36,36,exact,exact,Tucatinib,False,False,False,False,1.0,True,True,0,1,,,,Cc1cc(Nc2ncnc3ccc(NC4=NC(C)(C)CO4)cc23)ccc1Oc1ccn2ncnc2c1
uranocene_cid129654785,,,uranocene_cid129654785.png,low,low,0.0008586164620115485,invalid,,,,,,invalid,invalid,,False,False,False,False,,False,,,,,,,[H]C=C([H])C=[CH][U+4]([C]1=CC([H])=C([H])[C-]=CC([H])=C1[H])[C]1([U+4]23[C]45=CC([H])=C([H])[C]426=CC([H])=[C]536[H])=CC([H])=C([H])[C-]=CC([H])=C1[H]
vaborbactam_cid56649692,,,vaborbactam_cid56649692.png,high,high,0.8815711626725345,wrong,,Vaborbactam,0.977,20,20,exact,exact,Vaborbactam,False,True,False,False,1.0,False,False,1,2,[H],,,[H].[H]OC(=O)C[C@@H]1CC[C@H](N([H])C(=O)Cc2cccs2)B(O)O1 |^1:0|
valbenazine_cid24795069,,,valbenazine_cid24795069.png,high,high,0.9010635026954433,stereo,Valbenazine,Valbenazine,1.0,30,30,stereo,stereo,Valbenazine,False,False,False,False,1.0,True,True,0,1,,,,[H][C@@]12C[C@@H](OC(=O)[C@@H](N)C(C)C)[C@H](CC(C)C)CN1CCc1cc(OC)c(OC)cc12
vanadocene_cid71311455,,,vanadocene_cid71311455.png,low,low,0.8053562305779619,wrong,,Vanadocene,0.8,11,11,wrong,near,,False,False,False,True,0.8,False,False,0,3,,c1cc[cH-]c1,[V+4],[H][c-]1cccc1.[H][c-]1cccc1.[V+4] |^1:12|
vanadyl_acetylacetonate_cid2724114,,,vanadyl_acetylacetonate_cid2724114.png,low,low,0.1935807204793852,wrong,,Vanadyl acetylacetonate,0.133,16,16,wrong,wrong,,False,False,False,False,0.133,False,False,1,1,,,,"[H][C]1C(C)=[O][V+]2(=[O])([O]=C1C)[O]=C(C)C([H])C(C)=[O]2 |^1:1,C:4.4,7.6,10.10,17.18|"
vericiguat_cid54674461,,,vericiguat_cid54674461.png,high,high,0.8940121272072679,wrong,,Vericiguat,0.983,31,31,exact,exact,Vericiguat,False,True,False,False,1.0,False,False,3,4,[H].[H].[H],,,"COC(=O)Nc1c(N)nc(-c2nn(Cc3ccccc3F)c3ncc(F)cc23)nc1N.[H].[H].[H] |^1:31,32,33|"
viomycin_cid135398671,,,viomycin_cid135398671.png,low,low,0.0214579596665907,invalid,,,,,,invalid,invalid,,False,False,False,False,,False,,,,,,,[H]NC(=O)NC12([H])=C3456=C(=C789C3=O=C74NC3([H])C(=O)NCC(NC(=O)CC(N)CCCN)C(=O)N(O[H])C(CO)C(=O)C(N([H])[H])C(C(O[H])NC(CO[H])C(=O)N85)C3([H])N=C(N([H])[H])C(CO[H])C(=O)N96)([H]1)N2C(=O)N[H]
vorasidenib_cid117817422,,,vorasidenib_cid117817422.png,high,high,0.8716841997072082,exact,Vorasidenib,Vorasidenib,1.0,27,27,exact,exact,Vorasidenib,False,False,False,False,1.0,True,True,0,1,,,,[H]N(c1nc(N[C@H](C)C(F)(F)F)nc(-c2cccc(Cl)n2)n1)[C@H](C)C(F)(F)F
voxilaprevir_cid89921642,,,voxilaprevir_cid89921642.png,low,low,0.01247658171440145,invalid,,,,,,invalid,invalid,,False,False,False,False,,False,,,,,,,O.[H]C12CN(C(=O)C3([H])NC4=O=C5(NC([H])(C6C(=O)N6C6(C(=O)NS(=O)(=O)C7(C)CC7)CC6C(F)F)(C(C)(C)C)C3(C)(C)C)OC36([H])CC37([H])(CCCCC(F)(F)C3=NC8=C(C=C(OC)C=C8)N=C3O1)C6C7([H])O45)C(C(=O)NC1(C(=O)NS(=O)(=O)C3(C)CC3)CC1C(F)F)C2CC
yohimbine_cid8969,,,yohimbine_cid8969.png,high,high,0.8638468544951777,exact,Yohimbine,Yohimbine,1.0,26,26,exact,exact,Yohimbine,False,False,False,False,1.0,True,True,0,1,,,,[H]n1c2c(c3ccccc31)CCN1C[C@]3([H])CC[C@H](O)[C@H](C(=O)OC)[C@@]3([H])C[C@@]21[H]
zinc_acetylacetonate_cid25022293,,,zinc_acetylacetonate_cid25022293.png,low,low,0.1045441022571528,wrong,,Zinc acetylacetonate,0.2,15,15,wrong,wrong,,False,False,False,False,0.2,False,False,1,1,,,,[H][C-]1C(C)=[O][Zn+]2([O]=C1C)[O]=C(C)C([H])C(C)=[O]2
zoledronic_acid_cid68740,,,zoledronic_acid_cid68740.png,low,low,0.8366923838369225,exact,Zoledronic Acid,Zoledronic Acid,1.0,16,16,exact,exact,Zoledronic Acid,False,False,False,False,1.0,True,True,0,1,,,,[H]OC(Cn1ccnc1)(P(=O)(O)O[H])P(=O)(O)O[H]
zuranolone_cid86294073,,,zuranolone_cid86294073.png,low,low,0.8333867538933986,stereo,Zuranolone,Zuranolone,1.0,30,30,stereo,stereo,Zuranolone,False,False,False,False,1.0,True,True,0,1,,,,[H][C@@]12CC[C@@]3([H])[C@]([H])(CC[C@]4(C)[C@@H](C(=O)Cn5cc(C#N)cn5)CC[C@@]34[H])[C@]1([H])CC[C@@](C)(O)C2
