group,figure,segment,file_name,tier,tier_by_threshold,confidence,verdict,matched_name,closest_name,closest_tanimoto,pred_heavy,closest_heavy,smiles
abacavir_pubchem,,,abacavir_pubchem.png,high,high,0.8786092878093604,wrong,,abacavir,0.979,21,21,"Nc1nc(NC2CC2)c2ncn([C@H]3C=C[C@@H](CO)C3)c2n1.[H].[H].[H] |^1:21,22,23|"
aclidinium_az_pubchem,,,aclidinium_az_pubchem.png,low,low,0.0719892643101076,invalid,,,,,,O=C(OC1CC23CCN24(CCCOC2=CC=CC=C2)CCC1C3C4)C(O)(C1=CC=CS1)C1=CC=CS1
aldosterone_pubchem,,,aldosterone_pubchem.png,high,high,0.8662036191935316,exact,aldosterone,aldosterone,1.0,26,26,[H]O[C@H]1C[C@]2(C([H])=O)[C@@H](C(=O)CO)CC[C@@]2([H])[C@]2([H])CCC3=CC(=O)CC[C@]3(C)[C@@]12[H]
alvelestat_az_pubchem,,,alvelestat_az_pubchem.png,high,high,0.902882599430022,exact,alvelestat,alvelestat,1.0,38,38,Cc1c(-c2ccnn2C)cc(C(=O)NCc2ccc(S(C)(=O)=O)cn2)c(=O)n1-c1cccc(C(F)(F)F)c1
amp_pubchem,,,amp_pubchem.png,high,high,0.8783337481783027,wrong,,amp,1.0,23,23,"Nc1ncnc2c1ncn2[C@@H]1O[C@H](COP(=O)(O)O)[C@@H](O)[C@H]1O.[H].[H].[H].[H] |^1:23,24,25,26|"
anthracene_pubchem,,,anthracene_pubchem.png,high,high,0.8536178777783127,exact,anthracene,anthracene,1.0,14,14,c1ccc2cc3ccccc3cc2c1
artemisinin_pubchem,,,artemisinin_pubchem.png,low,low,0.713924004794799,exact,artemisinin,artemisinin,1.0,20,20,[H][C@]12OC(=O)[C@H](C)[C@]3([H])CC[C@@H](C)[C@]4([H])CC[C@@](C)(OO[C@]143)O2
atazanavir_pubchem,,,atazanavir_pubchem.png,low,low,0.718735382919588,stereo,atazanavir,atazanavir,1.0,51,51,COC(=O)N[C@H](C(=O)NN(Cc1ccc(-c2ccccn2)cc1)C[C@H](O)[C@H](Cc1ccccc1)NC(=O)[C@H](NC(=O)OC)C(C)(C)C)C(C)(C)C
azathioprine_pubchem,,,azathioprine_pubchem.png,high,high,0.9046383401323277,exact,azathioprine,azathioprine,1.0,19,19,Cn1cnc([N+](=O)[O-])c1Sc1ncnc2nc[nH]c12
azd8055_az_pubchem,,,azd8055_az_pubchem.png,high,high,0.8945285712823466,exact,azd8055,azd8055,1.0,34,34,COc1ccc(-c2ccc3c(N4CCOC[C@@H]4C)nc(N4CCOC[C@@H]4C)nc3n2)cc1CO
bedaquiline_pubchem,,,bedaquiline_pubchem.png,high,high,0.9059705970096937,exact,bedaquiline,bedaquiline,1.0,37,37,[H]O[C@](CCN(C)C)(c1cccc2ccccc12)[C@H](c1ccccc1)c1cc2cc(Br)ccc2nc1OC
betrixaban_pubchem,,,betrixaban_pubchem.png,high,high,0.9036103786134554,wrong,,betrixaban,0.981,32,32,"COc1ccc(NC(=O)c2ccc(C(=N)N(C)C)cc2)c(C(=O)Nc2ccc(Cl)cn2)c1.[H].[H] |^1:32,33|"
bortezomib_pubchem,,,bortezomib_pubchem.png,high,high,0.8970994581777147,exact,bortezomib,bortezomib,1.0,28,28,[H]OB(O[H])[C@H](CC(C)C)N([H])C(=O)[C@H](Cc1ccccc1)NC(=O)c1cnccn1
bromocriptine_pubchem,,,bromocriptine_pubchem.png,low,low,0.8162643514119761,stereo,bromocriptine,bromocriptine,1.0,43,43,[H][C@]12Cc3c(Br)[nH]c4cccc(c34)C1=C[C@@H](C(=O)N[C@]1(C(C)C)O[C@]3(O)N(C1=O)[C@@H](CC(C)C)C(=O)N1CCC[C@]13[H])CN2C
bupropion_pubchem,,,bupropion_pubchem.png,high,high,0.8721354573314307,exact,bupropion,bupropion,1.0,16,16,CC(NC(C)(C)C)C(=O)c1cccc(Cl)c1
cabozantinib_pubchem,,,cabozantinib_pubchem.png,high,high,0.9012713829914721,exact,cabozantinib,cabozantinib,1.0,37,37,COc1cc2nccc(Oc3ccc(NC(=O)C4(C(=O)Nc5ccc(F)cc5)CC4)cc3)c2cc1OC
canagliflozin_pubchem,,,canagliflozin_pubchem.png,high,high,0.8738074134491125,wrong,,canagliflozin,0.981,31,31,"Cc1ccc([C@@H]2O[C@H](CO)[C@@H](O)[C@H](O)[C@H]2O)cc1Cc1ccc(-c2ccc(F)cc2)s1.[HH].[H].[H].[H] |^1:32,33,34|"
carbamazepine_pubchem,,,carbamazepine_pubchem.png,high,high,0.8850490955688458,exact,carbamazepine,carbamazepine,1.0,18,18,[H]NC(=O)N1c2ccccc2C=Cc2ccccc21
cefazolin_pubchem,,,cefazolin_pubchem.png,low,low,0.5081173586686665,stereo,cefazolin,cefazolin,1.0,29,29,[H][C@@]12SCC(CSc3nnc(C)s3)=C(C(=O)O)N1C(=O)[C@H]2NC(=O)Cn1cnnn1
ceftriaxone_pubchem,,,ceftriaxone_pubchem.png,low,low,0.5927261067368973,exact,ceftriaxone,ceftriaxone,1.0,36,36,[H]Nc1nc(/C(=N/OC)C(=O)N[C@@H]2C(=O)N3C(C(=O)O)=C(CSc4nc(=O)c(=O)n([H])n4C)CS[C@]23[H])cs1
chlorambucil_pubchem,,,chlorambucil_pubchem.png,high,high,0.8970706641961067,exact,chlorambucil,chlorambucil,1.0,19,19,O=C(O)CCCc1ccc(N(CCCl)CCCl)cc1
citalopram_pubchem,,,citalopram_pubchem.png,high,high,0.8963318080517533,exact,citalopram,citalopram,1.0,24,24,CN(C)CCCC1(c2ccc(F)cc2)OCc2cc(C#N)ccc21
clomiphene_pubchem,,,clomiphene_pubchem.png,high,high,0.8933650903641867,wrong,,clomiphene,0.532,29,29,CCN(CC)CCOc1ccc(C(c2ccccc2)C(Cl)c2ccccc2)cc1
colistin_pubchem,,,colistin_pubchem.png,low,low,0.2532826481011327,wrong,,colistin,0.778,80,81,CCC(C)CCCC(=O)N[C@H](CCN)C(=O)N[C@@H](C(=O)N[C@H](CCN)C(=O)N[C@H]1CCNC(=O)[C@H](CO)NC(=O)[C@H](CCN)NC(=O)[C@H](CCN)NC(=O)[C@H](CC(C)C)[NH+]C(=O)[C@@H](CC(C)C)NC(=O)[C@H](CCN)NC1=O)[C@H](C)O |^1:59|
dopamine_pubchem,,,dopamine_pubchem.png,high,high,0.8538249367607534,wrong,,dopamine,0.955,11,11,[H].[H]NCCc1ccc(O[H])c(O)c1 |^1:0|
dronedarone_pubchem,,,dronedarone_pubchem.png,high,high,0.9044163072792714,wrong,,dronedarone,0.719,35,39,CCCCc1oc2ccc(N)cc2c1C(=O)c1ccc(OCCCN(CCCC)CCCC)cc1
empagliflozin_pubchem,,,empagliflozin_pubchem.png,high,high,0.872522562858455,wrong,,empagliflozin,0.982,31,31,OC[C@H]1O[C@@H](c2ccc(Cl)c(Cc3ccc(O[C@H]4CCOC4)cc3)c2)[C@H](O)[C@@H](O)[C@@H]1O.[HH].[HH].[HH]
epinephrine_pubchem,,,epinephrine_pubchem.png,high,high,0.8768866945081614,wrong,,epinephrine,0.963,13,13,[H].[H]O[C@@H](CNC)c1ccc(O)c(O)c1 |^1:0|
ertapenem_pubchem,,,ertapenem_pubchem.png,low,low,0.8312015147814446,wrong,,ertapenem,0.984,33,33,"[H].[H].[H].[H].[H]N1C[C@H](SC2=C(C(=O)O)N3C(=O)[C@]([H])([C@@H](C)O)[C@@]3([H])[C@H]2C)C[C@H]1C(=O)Nc1cccc(C(=O)O)c1 |^1:0,1,2,3|"
esomeprazole_pubchem,,,esomeprazole_pubchem.png,low,low,0.3185063100085126,wrong,,esomeprazole,0.778,24,24,COc1ccc2nc([S](O)Cc3ncc(C)c(OC)c3C)[nH]c2c1 |^1:8|
etodolac_pubchem,,,etodolac_pubchem.png,high,high,0.8874222300014988,exact,etodolac,etodolac,1.0,21,21,[H]OC(=O)CC1(CC)OCCc2c1[nH]c1c(CC)cccc21
fadh2_pubchem,,,fadh2_pubchem.png,low,low,0.1117352778961047,invalid,,,,,,NC1=C2N=CN(C3O[CH]4(C(O)C3O)C3OC4O3POP)C2=NC=N1.[H]O(O)P(=O)(O)(O)OCC(O)C(O)C(O)CN1C2=NC(=O)NC(=O)C2=NC2=C1C=C(C)C(C)=C2
fenofibrate_pubchem,,,fenofibrate_pubchem.png,high,high,0.8923445756072652,exact,fenofibrate,fenofibrate,1.0,25,25,CC(C)OC(=O)C(C)(C)Oc1ccc(C(=O)c2ccc(Cl)cc2)cc1
finasteride_pubchem,,,finasteride_pubchem.png,low,low,0.7462715362944571,wrong,,finasteride,0.98,27,27,[H].[H][C@@]12CC[C@@]3([H])NC(=O)C=C[C@]3(C)[C@@]1([H])CC[C@]1(C)[C@@H](C(=O)NC(C)(C)C)CC[C@@]21[H] |^1:0|
flutamide_pubchem,,,flutamide_pubchem.png,high,high,0.893753414831406,exact,flutamide,flutamide,1.0,19,19,[H]N(C(=O)C(C)C)c1ccc([N+](=O)[O-])c(C(F)(F)F)c1
fosinopril_pubchem,,,fosinopril_pubchem.png,low,low,0.2359270903495256,wrong,,fosinopril,0.831,39,39,[H][C@]1(C2CCCCC2)C[C@@H](C(=O)O)N(C(=O)C[P](O)(CCCCc2ccccc2)O[C@H](OC(=O)CC)C(C)C)C1 |^1:17|
gabapentin_pubchem,,,gabapentin_pubchem.png,high,high,0.8730953060546152,wrong,,gabapentin,0.667,12,12,[H]NCC1(CC(=O)[O-])CCCCC1
gemfibrozil_pubchem,,,gemfibrozil_pubchem.png,high,high,0.8651816455548496,exact,gemfibrozil,gemfibrozil,1.0,18,18,Cc1ccc(C)c(OCCCC(C)(C)C(=O)O)c1
glutamic_acid_pubchem,,,glutamic_acid_pubchem.png,high,high,0.8458941720188269,exact,glutamic acid,glutamic acid,1.0,10,10,[H]N[C@@H](CCC(=O)O[H])C(=O)O[H]
granisetron_pubchem,,,granisetron_pubchem.png,low,low,0.2041684789884156,invalid,,,,,,[H]C12CCC3C(C1)CC314([H])CC(NC(=O)C3=NN(C)C5=CC=CC=C53)CC1N24C
hydrocodone_pubchem,,,hydrocodone_pubchem.png,low,low,0.7916264345795401,exact,hydrocodone,hydrocodone,1.0,22,22,[H][C@@]12CCC(=O)[C@]3([H])Oc4c(OC)ccc5c4[C@]13CCN(C)[C@]2([H])C5
ifosfamide_pubchem,,,ifosfamide_pubchem.png,high,high,0.8920174354431499,exact,ifosfamide,ifosfamide,1.0,14,14,[H]N(CCCl)P1(=O)OCCCN1CCCl
indole_pubchem,,,indole_pubchem.png,high,high,0.8470518618295662,exact,indole,indole,1.0,9,9,[H]n1ccc2ccccc21
isoleucine_pubchem,,,isoleucine_pubchem.png,low,low,0.8259312767625789,exact,isoleucine,isoleucine,1.0,9,9,[H]N[C@H](C(=O)O[H])[C@@H](C)CC
ixabepilone_pubchem,,,ixabepilone_pubchem.png,high,high,0.8742990736983176,stereo,ixabepilone,ixabepilone,1.0,35,35,[H]O[C@H]1[C@@H](C)CCC[C@@]2(C)O[C@@]2([H])C[C@@H](C(C)=C([H])c2csc(C)n2)NC(=O)C[C@H](O)C(C)(C)C(=O)[C@@H]1C
lamivudine_pubchem,,,lamivudine_pubchem.png,low,low,0.8310801342415473,wrong,,lamivudine,0.975,15,15,[HH].[HH].[H]OC[C@@H]1O[C@H](n2ccc(N)nc2=O)CS1
ledipasvir_pubchem,,,ledipasvir_pubchem.png,low,low,7.332360210245981e-06,invalid,,,,,,[H]C(NC(=O)C(NC(=O)OC)C(C)C)C1=NC=C(C2=CC3=C(C=C2)C2=C(C=C(C45=CC67=C89%10(=C(C8=C4)N69C4689N7%11C47%12%13%14%15[H]C%1164%16%17(=O86=C74(N%10)C69%164([H])N%12%17(C(=O)C(NC(=O)OC)C(C)C)C6789(CC%10C6%11CC%10%11([H])C)CC76([H])CC8C694%13[H])([H]%14)[H]%15)C=C5)C=C2)C3(F)F)N1
levetiracetam_pubchem,,,levetiracetam_pubchem.png,high,high,0.8992640349362863,exact,levetiracetam,levetiracetam,1.0,12,12,[H]N([H])C(=O)[C@H](CC)N1CCCC1=O
levosimendan_pubchem,,,levosimendan_pubchem.png,high,high,0.8902235666978813,exact,levosimendan,levosimendan,1.0,21,21,C[C@@H]1CC(=O)NN=C1c1ccc(NN=C(C#N)C#N)cc1
linezolid_pubchem,,,linezolid_pubchem.png,high,high,0.9014307061473386,exact,linezolid,linezolid,1.0,24,24,CC(=O)NC[C@H]1CN(c2ccc(N3CCOCC3)c(F)c2)C(=O)O1
lopinavir_pubchem,,,lopinavir_pubchem.png,high,high,0.8814412943996215,wrong,,lopinavir,0.985,46,46,"Cc1cccc(C)c1OCC(=O)N[C@@H](Cc1ccccc1)[C@@H](O)C[C@H](Cc1ccccc1)NC(=O)[C@H](C(C)C)N1CCCNC1=O.[H].[H] |^1:46,47|"
lurasidone_pubchem,,,lurasidone_pubchem.png,low,low,0.09905206827967857,invalid,,,,,,[H]C12C(=O)N(CC3CCCCC3CN3CCN(C4=NSC5=CC=CC=C54)CC3)C(=O)C13([H])C1C245([H])CCC134([H])C5
malathion_pubchem,,,malathion_pubchem.png,high,high,0.8893711819270348,exact,malathion,malathion,1.0,19,19,CCOC(=O)CC(SP(=S)(OC)OC)C(=O)OCC
melatonin_pubchem,,,melatonin_pubchem.png,high,high,0.903311930550976,exact,melatonin,melatonin,1.0,17,17,COc1ccc2[nH]cc(CCNC(C)=O)c2c1
mepivacaine_az_pubchem,,,mepivacaine_az_pubchem.png,high,high,0.9123385395405581,exact,mepivacaine,mepivacaine,1.0,18,18,Cc1cccc(C)c1NC(=O)C1CCCCN1C
methionine_pubchem,,,methionine_pubchem.png,high,high,0.8525173397855509,exact,methionine,methionine,1.0,9,9,[H]N[C@@H](CCSC)C(=O)O[H]
metoprolol_pubchem,,,metoprolol_pubchem.png,high,high,0.8881217669867448,exact,metoprolol,metoprolol,1.0,19,19,[H]OC([H])(CNC(C)C)COc1ccc(CCOC)cc1
mirtazapine_pubchem,,,mirtazapine_pubchem.png,high,high,0.8873455573295204,exact,mirtazapine,mirtazapine,1.0,20,20,CN1CCN2c3ncccc3Cc3ccccc3C2C1
morphine_pubchem,,,morphine_pubchem.png,low,low,0.7955705566090094,exact,morphine,morphine,1.0,21,21,[H]Oc1ccc2c3c1O[C@@]1([H])[C@@H](O[H])C=C[C@]4([H])[C@@]31CCN(C)[C@]4([H])C2
naloxone_pubchem,,,naloxone_pubchem.png,low,low,0.7029616319304923,exact,naloxone,naloxone,1.0,24,24,[H]Oc1ccc2c3c1O[C@@]1([H])C(=O)CC[C@]4(O[H])[C@@]31CCN(CC=C)[C@]4([H])C2
nefazodone_pubchem,,,nefazodone_pubchem.png,high,high,0.9142928230267298,exact,nefazodone,nefazodone,1.0,33,33,CCc1nn(CCCN2CCN(c3cccc(Cl)c3)CC2)c(=O)n1CCOc1ccccc1
nilotinib_pubchem,,,nilotinib_pubchem.png,high,high,0.9060813232628672,exact,nilotinib,nilotinib,1.0,39,39,Cc1cn(-c2cc(NC(=O)c3ccc(C)c(Nc4nccc(-c5cccnc5)n4)c3)cc(C(F)(F)F)c2)cn1
norethindrone_pubchem,,,norethindrone_pubchem.png,high,high,0.8754568983749776,wrong,,norethindrone,0.978,22,22,[H].[H][C@@]12CCC3=CC(=O)CC[C@]3([H])[C@@]1([H])CC[C@@]1(C)[C@@]2([H])CC[C@@]1(O)C#C |^1:0|
omeprazole_pubchem,,,omeprazole_pubchem.png,low,low,0.4694799476930304,wrong,,omeprazole,0.778,24,24,COc1ccc2nc([S](O)Cc3ncc(C)c(OC)c3C)[nH]c2c1 |^1:8|
oxalic_acid_pubchem,,,oxalic_acid_pubchem.png,high,high,0.8612627189811295,exact,oxalic acid,oxalic acid,1.0,6,6,[H]OC(=O)C(=O)O[H]
oxytocin_pubchem,,,oxytocin_pubchem.png,low,low,0.2225204494690833,wrong,,oxytocin,0.423,70,69,[H]N([H])[C@](C)(CS)C(=O)N[C@@H](Cc1ccc(O)cc1)C(=O)N[C@@]([H])(C(=O)N[C@@H](CCC(N)=O)C(=O)N[C@@H](CC(N)=O)C(=O)N[C@@H](CS)C(=O)N1CCC[C@H]1C(=O)N[C@@H](CC(C)C)C(=O)NCC(N)=O)[C@@H](C)CC
pazopanib_pubchem,,,pazopanib_pubchem.png,high,high,0.9146473869618058,exact,pazopanib,pazopanib,1.0,31,31,Cc1ccc(Nc2nccc(N(C)c3ccc4c(C)n(C)nc4c3)n2)cc1S(N)(=O)=O
permethrin_pubchem,,,permethrin_pubchem.png,high,high,0.9027247385593441,exact,permethrin,permethrin,1.0,26,26,CC1(C)C(C=C(Cl)Cl)C1C(=O)OCc1cccc(Oc2ccccc2)c1
piperacillin_pubchem,,,piperacillin_pubchem.png,high,high,0.895403134244178,exact,piperacillin,piperacillin,1.0,36,36,[H][C@]12SC(C)(C)[C@H](C(=O)O)N1C(=O)[C@H]2NC(=O)[C@H](NC(=O)N1CCN(CC)C(=O)C1=O)c1ccccc1
prasugrel_pubchem,,,prasugrel_pubchem.png,high,high,0.9154296490367267,exact,prasugrel,prasugrel,1.0,26,26,CC(=O)Oc1cc2c(s1)CCN(C(C(=O)C1CC1)c1ccccc1F)C2
pregnenolone_pubchem,,,pregnenolone_pubchem.png,low,low,0.8232074314397906,wrong,,pregnenolone,1.0,23,23,[H].[H][C@@]12CC=C3C[C@@H](O)CC[C@]3(C)[C@@]1([H])CC[C@]1(C)[C@@H](C(C)=O)CC[C@@]21[H] |^1:0|
proline_pubchem,,,proline_pubchem.png,high,high,0.8903707052281444,exact,proline,proline,1.0,8,8,[H]OC(=O)[C@@H]1CCCN1[H]
pyridoxal_pubchem,,,pyridoxal_pubchem.png,high,high,0.8664314578906717,exact,pyridoxal,pyridoxal,1.0,12,12,[H]OCc1cnc(C)c(O)c1C([H])=O
rabeprazole_pubchem,,,rabeprazole_pubchem.png,high,high,0.9059549140536015,exact,rabeprazole,rabeprazole,1.0,25,25,COCCCOc1ccnc(CS(=O)c2nc3ccccc3[nH]2)c1C
regorafenib_pubchem,,,regorafenib_pubchem.png,high,high,0.9085941925823904,exact,regorafenib,regorafenib,1.0,33,33,CNC(=O)c1cc(Oc2ccc(NC(=O)Nc3ccc(Cl)c(C(F)(F)F)c3)c(F)c2)ccn1
rhinocort_az_pubchem,,,rhinocort_az_pubchem.png,low,low,0.8188600820803579,exact,rhinocort,rhinocort,1.0,31,31,[H][C@@]12C[C@@]3([H])OC(CCC)O[C@@]3(C(=O)CO)[C@@]1(C)C[C@H](O)[C@@]1([H])[C@@]2([H])CCC2=CC(=O)C=C[C@@]21C
rilpivirine_pubchem,,,rilpivirine_pubchem.png,high,high,0.8806258649661751,wrong,,rilpivirine,0.959,28,28,[HH].[H].[H]/C(C#N)=C(/[H])c1cc(C)c(Nc2ccnc(Nc3ccc(C#N)cc3)n2)c(C)c1 |^1:1|
romidepsin_pubchem,,,romidepsin_pubchem.png,low,low,0.7000090398283789,exact,romidepsin,romidepsin,1.0,36,36,[H]/C(C)=C1/NC(=O)[C@@]2([H])CSSCC/C([H])=C(\[H])[C@]([H])(CC(=O)N[C@H](C(C)C)C(=O)N2)OC(=O)[C@H](C(C)C)N([H])C1=O
roxadustat_az_pubchem,,,roxadustat_az_pubchem.png,high,high,0.8976670740533648,wrong,,roxadustat,0.978,26,26,Cc1nc(C(=O)NCC(=O)O)c(O)c2ccc(Oc3ccccc3)cc12.[H] |^1:26|
saxagliptin_pubchem,,,saxagliptin_pubchem.png,high,high,0.8508422950261298,exact,saxagliptin,saxagliptin,1.0,23,23,[H]OC12CC3CC([H])(C1)CC([C@@H](C(=O)N1[C@H](C#N)C[C@]4([H])C[C@]14[H])N([H])[H])(C3)C2
sertraline_pubchem,,,sertraline_pubchem.png,high,high,0.878321730563426,wrong,,sertraline,0.971,20,20,CN[C@H]1CC[C@@H](c2ccc(Cl)c(Cl)c2)c2ccccc21.[HH]
sodium_zirconium_cyclosilicate_az_pubchem,,,sodium_zirconium_cyclosilicate_az_pubchem.png,low,low,0.3757192922968847,wrong,,sodium zirconium cyclosilicate,0.471,14,15,[Na+].[Na+].[Na+].[O-][Si]1O[Si]([O-])([O-])O[Si]([O-])([O-])O1 |^1:4|
spironolactone_pubchem,,,spironolactone_pubchem.png,low,low,0.4801013538096414,exact,spironolactone,spironolactone,1.0,29,29,[H][C@]12CC[C@]3(C)[C@]4(CCC(=O)O4)CC[C@@]3([H])[C@]1([H])[C@H](SC(C)=O)CC1=CC(=O)CC[C@@]12C
sumatriptan_pubchem,,,sumatriptan_pubchem.png,high,high,0.8937201722473708,exact,sumatriptan,sumatriptan,1.0,20,20,[H]N(C)S(=O)(=O)Cc1ccc2c(c1)c(CCN(C)C)cn2[H]
tamoxifen_pubchem,,,tamoxifen_pubchem.png,high,high,0.9064759326288105,exact,tamoxifen,tamoxifen,1.0,28,28,CC/C(=C(\c1ccccc1)c1ccc(OCCN(C)C)cc1)c1ccccc1
temsirolimus_pubchem,,,temsirolimus_pubchem.png,low,low,0.01031893560430167,invalid,,,,,,[H]OC1([CH]C)C2(=O)C3(=O)N4CCCCC456([H])C(=O)OC4([H])C(C)C(=O)(C(C)C([H])=C(C)C(O)C(OC)C(=O)C(C)CC(C)C([H])=C([H])C([H])=C([H])[H])C4C([H])(C(C)C(=O)C4CCC(OC(=O)C7(C)COC7O)C(OC)C4)OC5(=O)C4([H])CCCCN436C2(=O)C1(=O)=O
thc_pubchem,,,thc_pubchem.png,high,high,0.8841995033497073,stereo,thc,thc,1.0,23,23,[H][C@@]12CCC(C)=C[C@]1([H])c1c(O)cc(CCCCC)cc1OC2(C)C
threonine_pubchem,,,threonine_pubchem.png,high,high,0.8812598755195346,exact,threonine,threonine,1.0,8,8,[H]N[C@H](C(=O)O[H])[C@@H](C)O[H]
tizanidine_pubchem,,,tizanidine_pubchem.png,high,high,0.9035455265616205,exact,tizanidine,tizanidine,1.0,16,16,[H]N(C1=NCCN1)c1c(Cl)ccc2nsnc12
toprol_az_pubchem,,,toprol_az_pubchem.png,high,high,0.8881217669867448,wrong,,toprol,0.837,19,46,[H]OC([H])(CNC(C)C)COc1ccc(CCOC)cc1
trihexyphenidyl_pubchem,,,trihexyphenidyl_pubchem.png,high,high,0.9031825852189844,exact,trihexyphenidyl,trihexyphenidyl,1.0,22,22,[H]OC(CCN1CCCCC1)(c1ccccc1)C1CCCCC1
valganciclovir_pubchem,,,valganciclovir_pubchem.png,high,high,0.8626635478470909,wrong,,valganciclovir,0.981,25,25,"[H].[H].[H].[H].[H]Nc1nc2c(ncn2COC(CO)COC(=O)[C@@H](N[H])C(C)C)c(=O)n1[H] |^1:0,1,2,3|"
vemurafenib_pubchem,,,vemurafenib_pubchem.png,high,high,0.8969312289933986,exact,vemurafenib,vemurafenib,1.0,33,33,CCCS(=O)(=O)Nc1ccc(F)c(C(=O)c2c[nH]c3ncc(-c4ccc(Cl)cc4)cc23)c1F
vinflunine_pubchem,,,vinflunine_pubchem.png,low,low,0.2339236969321622,exact,vinflunine,vinflunine,1.0,59,59,[H][C@]12C[C@@H](C(C)(F)F)CN(Cc3c([nH]c4ccccc34)[C@@](C(=O)OC)(c3cc4c(cc3OC)N(C)[C@]3([H])[C@]45CCN4CC=C[C@@](CC)([C@@H](OC(C)=O)[C@]3(O)C(=O)OC)[C@]45[H])C1)C2
vitamin_b3_pubchem,,,vitamin_b3_pubchem.png,high,high,0.84515111090313,exact,vitamin b3,vitamin b3,1.0,9,9,[H]OC(=O)c1cccnc1
voriconazole_pubchem,,,voriconazole_pubchem.png,high,high,0.8961777268718402,exact,voriconazole,voriconazole,1.0,25,25,[H]O[C@@](Cn1cncn1)(c1ccc(F)cc1F)[C@@H](C)c1ncncc1F
ziprasidone_pubchem,,,ziprasidone_pubchem.png,high,high,0.898869140513604,exact,ziprasidone,ziprasidone,1.0,28,28,O=C1Cc2cc(CCN3CCN(c4nsc5ccccc45)CC3)c(Cl)cc2N1
